0.71559,0,0,3.4104e-05,0.00011341,0.0046003,0.0037615,5.0845e-09,1.0234e-08,5.0851e-09,1.0235e-08,5.0845e-09,1.0234e-08,2.3552e-05,7.8317e-05,0.0031822,0.0026094,3.2444e-05,0.00010789,0.0043848,0.0035797,2.8904e-10,2.9202e-10,2.8904e-10,2.9202e-10,2.8904e-10,2.9202e-10,2.8903e-10,2.9201e-10,2.8904e-10,2.9202e-10,2.8904e-10,2.9202e-10,2.8904e-10,2.9202e-10,0.082494,0.00020285,0.00097082,0.045269,0.1298,0,0,0,0,0,0,0,0,0,0,0,0,0,0,0,0,0,0,0,0,0,0,0,0,0,0,0,0,0,0,0,0,0,0,0,0,0,0,0,0,0,0,0,0,0,0,0,0,0,0,0,0,0,0,0,0,0,0,0
0,0.58004,5.895e-06,0,0,0,0,0,0,0,0,0,0,0,0,0,0,0,0,0,0,0,0,0,0,0,0,0,0,0,0,0,0,0,0,0,0,0,0,0,2.3163e-05,7.7024e-05,0.0030941,0.0024208,8.3316e-06,2.7706e-05,0.0011132,0.00086993,5.4556e-05,0.00018142,0.0071794,0.0056197,1.2641e-08,2.5483e-08,0.0023862,0.010486,0.010594,3.5868e-05,0.00011927,0.0047309,0.0037014,3.8993e-05,0.00012966,0.0051412,0.0040176,1.2746e-08,2.5614e-08,0.070193,8.3388e-05,0.00042871,0.0013986,0.0038181,0.0040877,0.00032682,0.0015641,0.070328,0.20134,4.3767e-10,1.4559e-09,1.4203e-07,3.2047e-07,1.972e-09,6.5599e-09,6.3494e-07,1.4193e-06,1.0996e-09,3.6577e-09,3.5677e-07,8.0428e-07,1.9469e-11,3.9281e-11,3.4234e-10,1.1388e-09,1.1113e-07,2.5075e-07,9.531e-12,1.9184e-11,3.5942e-06,1.4334e-05
0,6.7389e-05,0.31364,0,0,0,0,0,0,0,0,0,0,0,0,0,0,0,0,0,0,0,0,0,0,0,0,0,0,0,0,0,0,0,0,0,0,0,0,0,2.6739e-09,8.8947e-09,8.6403e-07,1.8999e-06,9.3939e-10,3.1249e-09,3.0371e-07,6.6792e-07,6.2812e-09,2.0894e-08,2.0149e-06,4.4307e-06,1.9098e-11,3.851e-11,5.7428e-07,4.324e-06,1.0987e-05,4.1146e-09,1.3687e-08,1.3215e-06,2.9058e-06,4.3646e-09,1.4519e-08,1.4022e-06,3.0836e-06,1.9124e-11,3.8443e-11,3.7009e-05,0.0436,0.046631,0.018477,0.005965,0.0012016,6.9567e-08,3.3305e-07,4.0671e-05,0.00021822,9.0374e-05,0.00030051,0.010911,0.007527,0.00026539,0.00088245,0.032017,0.02208,0.00021876,0.00072742,0.026435,0.01823,1.7146e-07,3.4582e-07,7.0477e-05,0.00023435,0.0085174,0.0058788,8.6504e-08,1.7405e-07,0.11948,0.30224
0.00096263,0,0,0.086686,0.28819,0.037419,0.009409,3.0017e-11,6.0426e-11,3.002e-11,6.0433e-11,3.0017e-11,6.0426e-11,2.1391e-07,7.114e-07,4.4203e-05,5.8937e-05,1.7903e-07,5.9543e-07,3.745e-05,5.0701e-05,3.5735e-12,3.6103e-12,3.5735e-12,3.6103e-12,3.5735e-12,3.6103e-12,3.5733e-12,3.6102e-12,3.5735e-12,3.6103e-12,3.5735e-12,3.6103e-12,3.5735e-12,3.6103e-12,0.00072954,1.647e-06,7.8834e-06,0.00059829,0.0038191,0,0,0,0,0,0,0,0,0,0,0,0,0,0,0,0,0,0,0,0,0,0,0,0,0,0,0,0,0,0,0,0,0,0,0,0,0,0,0,0,0,0,0,0,0,0,0,0,0,0,0,0,0,0,0,0,0,0,0
0.00096312,0,0,0.086708,0.28826,0.037433,0.0094127,3.003e-11,6.0453e-11,3.0033e-11,6.046e-11,3.003e-11,6.0453e-11,2.1404e-07,7.1186e-07,4.4228e-05,5.8964e-05,1.7915e-07,5.9581e-07,3.7471e-05,5.0725e-05,3.575e-12,3.6118e-12,3.575e-12,3.6118e-12,3.575e-12,3.6118e-12,3.5748e-12,3.6117e-12,3.575e-12,3.6118e-12,3.575e-12,3.6118e-12,3.575e-12,3.6118e-12,0.00072992,1.648e-06,7.8881e-06,0.00059859,0.003821,0,0,0,0,0,0,0,0,0,0,0,0,0,0,0,0,0,0,0,0,0,0,0,0,0,0,0,0,0,0,0,0,0,0,0,0,0,0,0,0,0,0,0,0,0,0,0,0,0,0,0,0,0,0,0,0,0,0,0
0.031878,0,0,0.0091864,0.030544,0.54892,0.17365,7.7516e-10,1.5603e-09,7.7524e-10,1.5605e-09,7.7516e-10,1.5603e-09,1.0855e-05,3.6097e-05,0.0017124,0.0016378,9.1713e-06,3.0499e-05,0.001475,0.0014514,7.77e-11,7.8502e-11,7.77e-11,7.8502e-11,7.77e-11,7.8502e-11,7.7697e-11,7.8499e-11,7.77e-11,7.8502e-11,7.77e-11,7.8502e-11,7.77e-11,7.8502e-11,0.025745,7.3275e-05,0.0003507,0.019637,0.12958,0,0,0,0,0,0,0,0,0,0,0,0,0,0,0,0,0,0,0,0,0,0,0,0,0,0,0,0,0,0,0,0,0,0,0,0,0,0,0,0,0,0,0,0,0,0,0,0,0,0,0,0,0,0,0,0,0,0,0
0.060681,0,0,0.0053776,0.01788,0.40425,0.13709,1.1748e-09,2.3648e-09,1.175e-09,2.365e-09,1.1748e-09,2.3648e-09,3.3695e-05,0.00011204,0.0038128,0.002445,2.8885e-05,9.605e-05,0.003379,0.0022939,9.1274e-11,9.2216e-11,9.1274e-11,9.2216e-11,9.1274e-11,9.2216e-11,9.127e-11,9.2212e-11,9.1274e-11,9.2216e-11,9.1274e-11,9.2216e-11,9.1274e-11,9.2216e-11,0.054537,0.00019831,0.00094904,0.036839,0.25733,0,0,0,0,0,0,0,0,0,0,0,0,0,0,0,0,0,0,0,0,0,0,0,0,0,0,0,0,0,0,0,0,0,0,0,0,0,0,0,0,0,0,0,0,0,0,0,0,0,0,0,0,0,0,0,0,0,0,0
0.061146,0,0,1.2789e-05,4.2525e-05,0.0013453,0.00087579,7.3856e-10,1.4866e-09,7.3864e-10,1.4868e-09,7.3856e-10,1.4866e-09,3.0593e-05,0.00010172,0.002544,0.0011299,2.7145e-05,9.0258e-05,0.0024027,0.0012021,4.0132e-11,4.0546e-11,4.0132e-11,4.0546e-11,4.0132e-11,4.0546e-11,4.013e-11,4.0544e-11,4.0132e-11,4.0546e-11,4.0132e-11,4.0546e-11,4.0132e-11,4.0546e-11,0.038453,0.00016433,0.00078641,0.021878,0.15777,0,0,0,0,0,0,0,0,0,0,0,0,0,0,0,0,0,0,0,0,0,0,0,0,0,0,0,0,0,0,0,0,0,0,0,0,0,0,0,0,0,0,0,0,0,0,0,0,0,0,0,0,0,0,0,0,0,0,0
0.12307,0,0,2.5745e-05,8.5606e-05,0.002708,0.0017629,1.4866e-09,2.9922e-09,1.4868e-09,2.9926e-09,1.4866e-09,2.9922e-09,6.1584e-05,0.00020477,0.0051207,0.0022744,5.4643e-05,0.00018169,0.0048363,0.0024195,8.0778e-11,8.1611e-11,8.0778e-11,8.1611e-11,8.0778e-11,8.1611e-11,8.0775e-11,8.1608e-11,8.0778e-11,8.1611e-11,8.0778e-11,8.1611e-11,8.0778e-11,8.1611e-11,0.077401,0.00033079,0.001583,0.044037,0.31757,0,0,0,0,0,0,0,0,0,0,0,0,0,0,0,0,0,0,0,0,0,0,0,0,0,0,0,0,0,0,0,0,0,0,0,0,0,0,0,0,0,0,0,0,0,0,0,0,0,0,0,0,0,0,0,0,0,0,0
0.061146,0,0,1.2789e-05,4.2525e-05,0.0013453,0.00087579,7.3856e-10,1.4866e-09,7.3864e-10,1.4868e-09,7.3856e-10,1.4866e-09,3.0593e-05,0.00010172,0.002544,0.0011299,2.7145e-05,9.0258e-05,0.0024027,0.0012021,4.0132e-11,4.0546e-11,4.0132e-11,4.0546e-11,4.0132e-11,4.0546e-11,4.013e-11,4.0544e-11,4.0132e-11,4.0546e-11,4.0132e-11,4.0546e-11,4.0132e-11,4.0546e-11,0.038453,0.00016433,0.00078641,0.021878,0.15777,0,0,0,0,0,0,0,0,0,0,0,0,0,0,0,0,0,0,0,0,0,0,0,0,0,0,0,0,0,0,0,0,0,0,0,0,0,0,0,0,0,0,0,0,0,0,0,0,0,0,0,0,0,0,0,0,0,0,0
0.12307,0,0,2.5745e-05,8.5606e-05,0.002708,0.0017629,1.4866e-09,2.9922e-09,1.4868e-09,2.9926e-09,1.4866e-09,2.9922e-09,6.1584e-05,0.00020477,0.0051207,0.0022744,5.4643e-05,0.00018169,0.0048363,0.0024195,8.0778e-11,8.1611e-11,8.0778e-11,8.1611e-11,8.0778e-11,8.1611e-11,8.0775e-11,8.1608e-11,8.0778e-11,8.1611e-11,8.0778e-11,8.1611e-11,8.0778e-11,8.1611e-11,0.077401,0.00033079,0.001583,0.044037,0.31757,0,0,0,0,0,0,0,0,0,0,0,0,0,0,0,0,0,0,0,0,0,0,0,0,0,0,0,0,0,0,0,0,0,0,0,0,0,0,0,0,0,0,0,0,0,0,0,0,0,0,0,0,0,0,0,0,0,0,0
0.061146,0,0,1.2789e-05,4.2525e-05,0.0013453,0.00087579,7.3856e-10,1.4866e-09,7.3864e-10,1.4868e-09,7.3856e-10,1.4866e-09,3.0593e-05,0.00010172,0.002544,0.0011299,2.7145e-05,9.0258e-05,0.0024027,0.0012021,4.0132e-11,4.0546e-11,4.0132e-11,4.0546e-11,4.0132e-11,4.0546e-11,4.013e-11,4.0544e-11,4.0132e-11,4.0546e-11,4.0132e-11,4.0546e-11,4.0132e-11,4.0546e-11,0.038453,0.00016433,0.00078641,0.021878,0.15777,0,0,0,0,0,0,0,0,0,0,0,0,0,0,0,0,0,0,0,0,0,0,0,0,0,0,0,0,0,0,0,0,0,0,0,0,0,0,0,0,0,0,0,0,0,0,0,0,0,0,0,0,0,0,0,0,0,0,0
0.12307,0,0,2.5745e-05,8.5606e-05,0.002708,0.0017629,1.4866e-09,2.9922e-09,1.4868e-09,2.9926e-09,1.4866e-09,2.9922e-09,6.1584e-05,0.00020477,0.0051207,0.0022744,5.4643e-05,0.00018169,0.0048363,0.0024195,8.0778e-11,8.1611e-11,8.0778e-11,8.1611e-11,8.0778e-11,8.1611e-11,8.0775e-11,8.1608e-11,8.0778e-11,8.1611e-11,8.0778e-11,8.1611e-11,8.0778e-11,8.1611e-11,0.077401,0.00033079,0.001583,0.044037,0.31757,0,0,0,0,0,0,0,0,0,0,0,0,0,0,0,0,0,0,0,0,0,0,0,0,0,0,0,0,0,0,0,0,0,0,0,0,0,0,0,0,0,0,0,0,0,0,0,0,0,0,0,0,0,0,0,0,0,0,0
0.0010093,0,0,3.2479e-07,1.0802e-06,6.7134e-05,8.9517e-05,1.0903e-10,2.1948e-10,1.0904e-10,2.195e-10,1.0903e-10,2.1948e-10,0.086783,0.28851,0.03742,0.0093874,2.9868e-07,9.9335e-07,6.1862e-05,8.2489e-05,5.6044e-12,5.6622e-12,5.6044e-12,5.6622e-12,5.6044e-12,5.6622e-12,5.6041e-12,5.662e-12,5.6044e-12,5.6622e-12,5.6044e-12,5.6622e-12,5.6044e-12,5.6622e-12,0.0011924,2.7296e-06,1.3065e-05,0.00097931,0.002848,0,0,0,0,0,0,0,0,0,0,0,0,0,0,0,0,0,0,0,0,0,0,0,0,0,0,0,0,0,0,0,0,0,0,0,0,0,0,0,0,0,0,0,0,0,0,0,0,0,0,0,0,0,0,0,0,0,0,0
0.0010099,0,0,3.25e-07,1.0809e-06,6.7171e-05,8.9559e-05,1.0908e-10,2.1957e-10,1.0909e-10,2.1959e-10,1.0908e-10,2.1957e-10,0.086805,0.28858,0.037433,0.0093911,2.9887e-07,9.9398e-07,6.1896e-05,8.2527e-05,5.6067e-12,5.6646e-12,5.6067e-12,5.6646e-12,5.6067e-12,5.6646e-12,5.6064e-12,5.6643e-12,5.6067e-12,5.6646e-12,5.6067e-12,5.6646e-12,5.6067e-12,5.6646e-12,0.001193,2.7312e-06,1.3073e-05,0.00097979,0.0028495,0,0,0,0,0,0,0,0,0,0,0,0,0,0,0,0,0,0,0,0,0,0,0,0,0,0,0,0,0,0,0,0,0,0,0,0,0,0,0,0,0,0,0,0,0,0,0,0,0,0,0,0,0,0,0,0,0,0,0
0.033481,0,0,1.6477e-05,5.4794e-05,0.0026,0.0024867,2.2258e-09,4.4802e-09,2.2261e-09,4.4807e-09,2.2258e-09,4.4802e-09,0.0091865,0.030544,0.54818,0.17293,1.5145e-05,5.0365e-05,0.0023959,0.0022917,1.1493e-10,1.1612e-10,1.1493e-10,1.1612e-10,1.1493e-10,1.1612e-10,1.1492e-10,1.1611e-10,1.1493e-10,1.1612e-10,1.1493e-10,1.1612e-10,1.1493e-10,1.1612e-10,0.041269,0.00011997,0.0005742,0.031457,0.09784,0,0,0,0,0,0,0,0,0,0,0,0,0,0,0,0,0,0,0,0,0,0,0,0,0,0,0,0,0,0,0,0,0,0,0,0,0,0,0,0,0,0,0,0,0,0,0,0,0,0,0,0,0,0,0,0,0,0,0
0.063915,0,0,5.1145e-05,0.00017007,0.0057892,0.0037125,2.3015e-09,4.6325e-09,2.3018e-09,4.633e-09,2.3015e-09,4.6325e-09,0.0053652,0.017839,0.4026,0.13602,4.6978e-05,0.00015621,0.0053351,0.0034223,1.2007e-10,1.2131e-10,1.2007e-10,1.2131e-10,1.2007e-10,1.2131e-10,1.2006e-10,1.213e-10,1.2007e-10,1.2131e-10,1.2007e-10,1.2131e-10,1.2007e-10,1.2131e-10,0.084807,0.00031869,0.0015252,0.056805,0.19824,0,0,0,0,0,0,0,0,0,0,0,0,0,0,0,0,0,0,0,0,0,0,0,0,0,0,0,0,0,0,0,0,0,0,0,0,0,0,0,0,0,0,0,0,0,0,0,0,0,0,0,0,0,0,0,0,0,0,0
0.00099317,0,0,1.9417e-07,6.4577e-07,4.0516e-05,5.4813e-05,6.9098e-11,1.391e-10,6.9106e-11,1.3911e-10,6.9098e-11,1.391e-10,2.1334e-07,7.0951e-07,4.4064e-05,5.871e-05,0.085732,0.28502,0.037213,0.0093509,1.5767e-12,1.593e-12,1.5767e-12,1.593e-12,1.5767e-12,1.593e-12,1.5766e-12,1.5929e-12,1.5767e-12,1.593e-12,1.5767e-12,1.593e-12,1.5767e-12,1.593e-12,0.00072757,1.6426e-06,7.8625e-06,0.00059638,0.0038044,0,0,0,0,0,0,0,0,0,0,0,0,0,0,0,0,0,0,0,0,0,0,0,0,0,0,0,0,0,0,0,0,0,0,0,0,0,0,0,0,0,0,0,0,0,0,0,0,0,0,0,0,0,0,0,0,0,0,0
0.00099368,0,0,1.943e-07,6.4619e-07,4.0539e-05,5.4839e-05,6.9127e-11,1.3915e-10,6.9135e-11,1.3917e-10,6.9127e-11,1.3915e-10,2.1347e-07,7.0997e-07,4.4089e-05,5.8738e-05,0.085755,0.28509,0.037227,0.0093546,1.5774e-12,1.5937e-12,1.5774e-12,1.5937e-12,1.5774e-12,1.5937e-12,1.5774e-12,1.5936e-12,1.5774e-12,1.5937e-12,1.5774e-12,1.5937e-12,1.5774e-12,1.5937e-12,0.00072795,1.6436e-06,7.8672e-06,0.00059668,0.0038064,0,0,0,0,0,0,0,0,0,0,0,0,0,0,0,0,0,0,0,0,0,0,0,0,0,0,0,0,0,0,0,0,0,0,0,0,0,0,0,0,0,0,0,0,0,0,0,0,0,0,0,0,0,0,0,0,0,0,0
0.032953,0,0,9.9714e-06,3.316e-05,0.0015997,0.0015741,1.5015e-09,3.0223e-09,1.5017e-09,3.0227e-09,1.5015e-09,3.0223e-09,1.0848e-05,3.6074e-05,0.0017113,0.0016369,0.0091359,0.030376,0.54838,0.17314,4.1229e-11,4.1654e-11,4.1229e-11,4.1654e-11,4.1229e-11,4.1654e-11,4.1227e-11,4.1653e-11,4.1229e-11,4.1654e-11,4.1229e-11,4.1654e-11,4.1229e-11,4.1654e-11,0.025753,7.3252e-05,0.00035059,0.019634,0.12943,0,0,0,0,0,0,0,0,0,0,0,0,0,0,0,0,0,0,0,0,0,0,0,0,0,0,0,0,0,0,0,0,0,0,0,0,0,0,0,0,0,0,0,0,0,0,0,0,0,0,0,0,0,0,0,0,0,0,0
0.062629,0,0,3.1427e-05,0.0001045,0.0036647,0.0024879,1.7488e-09,3.52e-09,1.749e-09,3.5204e-09,1.7488e-09,3.52e-09,3.3674e-05,0.00011197,0.0038107,0.0024444,0.0053443,0.01777,0.40308,0.13639,6.3128e-11,6.3779e-11,6.3128e-11,6.3779e-11,6.3128e-11,6.3779e-11,6.3125e-11,6.3777e-11,6.3128e-11,6.3779e-11,6.3128e-11,6.3779e-11,6.3128e-11,6.3779e-11,0.054576,0.00019827,0.00094887,0.036846,0.25702,0,0,0,0,0,0,0,0,0,0,0,0,0,0,0,0,0,0,0,0,0,0,0,0,0,0,0,0,0,0,0,0,0,0,0,0,0,0,0,0,0,0,0,0,0,0,0,0,0,0,0,0,0,0,0,0,0,0,0
0.092971,0,0,4.0723e-05,0.0001354,0.0036068,0.0018199,1.0734e-09,2.1605e-09,1.0735e-09,2.1608e-09,1.0734e-09,2.1605e-09,4.2062e-05,0.00013985,0.0035135,0.0015767,1.6567e-05,5.5089e-05,0.0017646,0.0011606,5.8739e-11,5.9345e-11,5.8739e-11,5.9345e-11,5.8739e-11,5.9345e-11,5.8736e-11,5.9342e-11,5.8739e-11,5.9345e-11,5.8739e-11,5.9345e-11,5.8739e-11,5.9345e-11,0.05357,0.00022694,0.001086,0.030456,0.21701,0,0,0,0,0,0,0,0,0,0,0,0,0,0,0,0,0,0,0,0,0,0,0,0,0,0,0,0,0,0,0,0,0,0,0,0,0,0,0,0,0,0,0,0,0,0,0,0,0,0,0,0,0,0,0,0,0,0,0
0.093931,0,0,4.1143e-05,0.0001368,0.003644,0.0018387,1.0845e-09,2.1828e-09,1.0846e-09,2.1831e-09,1.0845e-09,2.1828e-09,4.2496e-05,0.0001413,0.0035498,0.001593,1.6738e-05,5.5657e-05,0.0017828,0.0011726,5.9345e-11,5.9957e-11,5.9345e-11,5.9957e-11,5.9345e-11,5.9957e-11,5.9342e-11,5.9955e-11,5.9345e-11,5.9957e-11,5.9345e-11,5.9957e-11,5.9345e-11,5.9957e-11,0.054123,0.00022928,0.0010972,0.03077,0.21925,0,0,0,0,0,0,0,0,0,0,0,0,0,0,0,0,0,0,0,0,0,0,0,0,0,0,0,0,0,0,0,0,0,0,0,0,0,0,0,0,0,0,0,0,0,0,0,0,0,0,0,0,0,0,0,0,0,0,0
0.092971,0,0,4.0723e-05,0.0001354,0.0036068,0.0018199,1.0734e-09,2.1605e-09,1.0735e-09,2.1608e-09,1.0734e-09,2.1605e-09,4.2062e-05,0.00013985,0.0035135,0.0015767,1.6567e-05,5.5089e-05,0.0017646,0.0011606,5.8739e-11,5.9345e-11,5.8739e-11,5.9345e-11,5.8739e-11,5.9345e-11,5.8736e-11,5.9342e-11,5.8739e-11,5.9345e-11,5.8739e-11,5.9345e-11,5.8739e-11,5.9345e-11,0.05357,0.00022694,0.001086,0.030456,0.21701,0,0,0,0,0,0,0,0,0,0,0,0,0,0,0,0,0,0,0,0,0,0,0,0,0,0,0,0,0,0,0,0,0,0,0,0,0,0,0,0,0,0,0,0,0,0,0,0,0,0,0,0,0,0,0,0,0,0,0
0.093931,0,0,4.1143e-05,0.0001368,0.003644,0.0018387,1.0845e-09,2.1828e-09,1.0846e-09,2.1831e-09,1.0845e-09,2.1828e-09,4.2496e-05,0.0001413,0.0035498,0.001593,1.6738e-05,5.5657e-05,0.0017828,0.0011726,5.9345e-11,5.9957e-11,5.9345e-11,5.9957e-11,5.9345e-11,5.9957e-11,5.9342e-11,5.9955e-11,5.9345e-11,5.9957e-11,5.9345e-11,5.9957e-11,5.9345e-11,5.9957e-11,0.054123,0.00022928,0.0010972,0.03077,0.21925,0,0,0,0,0,0,0,0,0,0,0,0,0,0,0,0,0,0,0,0,0,0,0,0,0,0,0,0,0,0,0,0,0,0,0,0,0,0,0,0,0,0,0,0,0,0,0,0,0,0,0,0,0,0,0,0,0,0,0
0.092971,0,0,4.0723e-05,0.0001354,0.0036068,0.0018199,1.0734e-09,2.1605e-09,1.0735e-09,2.1608e-09,1.0734e-09,2.1605e-09,4.2062e-05,0.00013985,0.0035135,0.0015767,1.6567e-05,5.5089e-05,0.0017646,0.0011606,5.8739e-11,5.9345e-11,5.8739e-11,5.9345e-11,5.8739e-11,5.9345e-11,5.8736e-11,5.9342e-11,5.8739e-11,5.9345e-11,5.8739e-11,5.9345e-11,5.8739e-11,5.9345e-11,0.05357,0.00022694,0.001086,0.030456,0.21701,0,0,0,0,0,0,0,0,0,0,0,0,0,0,0,0,0,0,0,0,0,0,0,0,0,0,0,0,0,0,0,0,0,0,0,0,0,0,0,0,0,0,0,0,0,0,0,0,0,0,0,0,0,0,0,0,0,0,0
0.093931,0,0,4.1143e-05,0.0001368,0.003644,0.0018387,1.0845e-09,2.1828e-09,1.0846e-09,2.1831e-09,1.0845e-09,2.1828e-09,4.2496e-05,0.0001413,0.0035498,0.001593,1.6738e-05,5.5657e-05,0.0017828,0.0011726,5.9345e-11,5.9957e-11,5.9345e-11,5.9957e-11,5.9345e-11,5.9957e-11,5.9342e-11,5.9955e-11,5.9345e-11,5.9957e-11,5.9345e-11,5.9957e-11,5.9345e-11,5.9957e-11,0.054123,0.00022928,0.0010972,0.03077,0.21925,0,0,0,0,0,0,0,0,0,0,0,0,0,0,0,0,0,0,0,0,0,0,0,0,0,0,0,0,0,0,0,0,0,0,0,0,0,0,0,0,0,0,0,0,0,0,0,0,0,0,0,0,0,0,0,0,0,0,0
0.092971,0,0,4.0723e-05,0.0001354,0.0036068,0.0018199,1.0734e-09,2.1605e-09,1.0735e-09,2.1608e-09,1.0734e-09,2.1605e-09,4.2062e-05,0.00013985,0.0035135,0.0015767,1.6567e-05,5.5089e-05,0.0017646,0.0011606,5.8739e-11,5.9345e-11,5.8739e-11,5.9345e-11,5.8739e-11,5.9345e-11,5.8736e-11,5.9342e-11,5.8739e-11,5.9345e-11,5.8739e-11,5.9345e-11,5.8739e-11,5.9345e-11,0.05357,0.00022694,0.001086,0.030456,0.21701,0,0,0,0,0,0,0,0,0,0,0,0,0,0,0,0,0,0,0,0,0,0,0,0,0,0,0,0,0,0,0,0,0,0,0,0,0,0,0,0,0,0,0,0,0,0,0,0,0,0,0,0,0,0,0,0,0,0,0
0.093931,0,0,4.1143e-05,0.0001368,0.003644,0.0018387,1.0845e-09,2.1828e-09,1.0846e-09,2.1831e-09,1.0845e-09,2.1828e-09,4.2496e-05,0.0001413,0.0035498,0.001593,1.6738e-05,5.5657e-05,0.0017828,0.0011726,5.9345e-11,5.9957e-11,5.9345e-11,5.9957e-11,5.9345e-11,5.9957e-11,5.9342e-11,5.9955e-11,5.9345e-11,5.9957e-11,5.9345e-11,5.9957e-11,5.9345e-11,5.9957e-11,0.054123,0.00022928,0.0010972,0.03077,0.21925,0,0,0,0,0,0,0,0,0,0,0,0,0,0,0,0,0,0,0,0,0,0,0,0,0,0,0,0,0,0,0,0,0,0,0,0,0,0,0,0,0,0,0,0,0,0,0,0,0,0,0,0,0,0,0,0,0,0,0
0.092971,0,0,4.0723e-05,0.0001354,0.0036068,0.0018199,1.0734e-09,2.1605e-09,1.0735e-09,2.1608e-09,1.0734e-09,2.1605e-09,4.2062e-05,0.00013985,0.0035135,0.0015767,1.6567e-05,5.5089e-05,0.0017646,0.0011606,5.8739e-11,5.9345e-11,5.8739e-11,5.9345e-11,5.8739e-11,5.9345e-11,5.8736e-11,5.9342e-11,5.8739e-11,5.9345e-11,5.8739e-11,5.9345e-11,5.8739e-11,5.9345e-11,0.05357,0.00022694,0.001086,0.030456,0.21701,0,0,0,0,0,0,0,0,0,0,0,0,0,0,0,0,0,0,0,0,0,0,0,0,0,0,0,0,0,0,0,0,0,0,0,0,0,0,0,0,0,0,0,0,0,0,0,0,0,0,0,0,0,0,0,0,0,0,0
0.093931,0,0,4.1143e-05,0.0001368,0.003644,0.0018387,1.0845e-09,2.1828e-09,1.0846e-09,2.1831e-09,1.0845e-09,2.1828e-09,4.2496e-05,0.0001413,0.0035498,0.001593,1.6738e-05,5.5657e-05,0.0017828,0.0011726,5.9345e-11,5.9957e-11,5.9345e-11,5.9957e-11,5.9345e-11,5.9957e-11,5.9342e-11,5.9955e-11,5.9345e-11,5.9957e-11,5.9345e-11,5.9957e-11,5.9345e-11,5.9957e-11,0.054123,0.00022928,0.0010972,0.03077,0.21925,0,0,0,0,0,0,0,0,0,0,0,0,0,0,0,0,0,0,0,0,0,0,0,0,0,0,0,0,0,0,0,0,0,0,0,0,0,0,0,0,0,0,0,0,0,0,0,0,0,0,0,0,0,0,0,0,0,0,0
0.092971,0,0,4.0723e-05,0.0001354,0.0036068,0.0018199,1.0734e-09,2.1605e-09,1.0735e-09,2.1608e-09,1.0734e-09,2.1605e-09,4.2062e-05,0.00013985,0.0035135,0.0015767,1.6567e-05,5.5089e-05,0.0017646,0.0011606,5.8739e-11,5.9345e-11,5.8739e-11,5.9345e-11,5.8739e-11,5.9345e-11,5.8736e-11,5.9342e-11,5.8739e-11,5.9345e-11,5.8739e-11,5.9345e-11,5.8739e-11,5.9345e-11,0.05357,0.00022694,0.001086,0.030456,0.21701,0,0,0,0,0,0,0,0,0,0,0,0,0,0,0,0,0,0,0,0,0,0,0,0,0,0,0,0,0,0,0,0,0,0,0,0,0,0,0,0,0,0,0,0,0,0,0,0,0,0,0,0,0,0,0,0,0,0,0
0.093931,0,0,4.1143e-05,0.0001368,0.003644,0.0018387,1.0845e-09,2.1828e-09,1.0846e-09,2.1831e-09,1.0845e-09,2.1828e-09,4.2496e-05,0.0001413,0.0035498,0.001593,1.6738e-05,5.5657e-05,0.0017828,0.0011726,5.9345e-11,5.9957e-11,5.9345e-11,5.9957e-11,5.9345e-11,5.9957e-11,5.9342e-11,5.9955e-11,5.9345e-11,5.9957e-11,5.9345e-11,5.9957e-11,5.9345e-11,5.9957e-11,0.054123,0.00022928,0.0010972,0.03077,0.21925,0,0,0,0,0,0,0,0,0,0,0,0,0,0,0,0,0,0,0,0,0,0,0,0,0,0,0,0,0,0,0,0,0,0,0,0,0,0,0,0,0,0,0,0,0,0,0,0,0,0,0,0,0,0,0,0,0,0,0
0.092971,0,0,4.0723e-05,0.0001354,0.0036068,0.0018199,1.0734e-09,2.1605e-09,1.0735e-09,2.1608e-09,1.0734e-09,2.1605e-09,4.2062e-05,0.00013985,0.0035135,0.0015767,1.6567e-05,5.5089e-05,0.0017646,0.0011606,5.8739e-11,5.9345e-11,5.8739e-11,5.9345e-11,5.8739e-11,5.9345e-11,5.8736e-11,5.9342e-11,5.8739e-11,5.9345e-11,5.8739e-11,5.9345e-11,5.8739e-11,5.9345e-11,0.05357,0.00022694,0.001086,0.030456,0.21701,0,0,0,0,0,0,0,0,0,0,0,0,0,0,0,0,0,0,0,0,0,0,0,0,0,0,0,0,0,0,0,0,0,0,0,0,0,0,0,0,0,0,0,0,0,0,0,0,0,0,0,0,0,0,0,0,0,0,0
0.093931,0,0,4.1143e-05,0.0001368,0.003644,0.0018387,1.0845e-09,2.1828e-09,1.0846e-09,2.1831e-09,1.0845e-09,2.1828e-09,4.2496e-05,0.0001413,0.0035498,0.001593,1.6738e-05,5.5657e-05,0.0017828,0.0011726,5.9345e-11,5.9957e-11,5.9345e-11,5.9957e-11,5.9345e-11,5.9957e-11,5.9342e-11,5.9955e-11,5.9345e-11,5.9957e-11,5.9345e-11,5.9957e-11,5.9345e-11,5.9957e-11,0.054123,0.00022928,0.0010972,0.03077,0.21925,0,0,0,0,0,0,0,0,0,0,0,0,0,0,0,0,0,0,0,0,0,0,0,0,0,0,0,0,0,0,0,0,0,0,0,0,0,0,0,0,0,0,0,0,0,0,0,0,0,0,0,0,0,0,0,0,0,0,0
0.0053435,0,0,1.6748e-06,5.5693e-06,0.00024074,0.00021905,2.0717e-10,4.1702e-10,2.0719e-10,4.1706e-10,2.0717e-10,4.1702e-10,1.8026e-06,5.9943e-06,0.00025413,0.00022432,1.5401e-06,5.1215e-06,0.00022205,0.00020213,1.0791e-11,1.0902e-11,1.0791e-11,1.0902e-11,1.0791e-11,1.0902e-11,1.079e-11,1.0902e-11,1.0791e-11,1.0902e-11,1.0791e-11,1.0902e-11,1.0791e-11,1.0902e-11,0.94247,1.1531e-05,5.5186e-05,0.0027935,0.01828,0,0,0,0,0,0,0,0,0,0,0,0,0,0,0,0,0,0,0,0,0,0,0,0,0,0,0,0,0,0,0,0,0,0,0,0,0,0,0,0,0,0,0,0,0,0,0,0,0,0,0,0,0,0,0,0,0,0,0
0.0010383,0,0,2.9879e-07,9.9366e-07,5.4146e-05,6.2944e-05,6.9967e-11,1.4084e-10,6.9975e-11,1.4086e-10,6.9967e-11,1.4084e-10,3.2609e-07,1.0844e-06,5.838e-05,6.6613e-05,2.7478e-07,9.138e-07,4.9911e-05,5.8029e-05,3.6126e-12,3.6498e-12,3.6126e-12,3.6498e-12,3.6126e-12,3.6498e-12,3.6124e-12,3.6497e-12,3.6126e-12,3.6498e-12,3.6126e-12,3.6498e-12,3.6126e-12,3.6498e-12,0.0009112,0.07729,0.36983,0.018767,0.0046166,0,0,0,0,0,0,0,0,0,0,0,0,0,0,0,0,0,0,0,0,0,0,0,0,0,0,0,0,0,0,0,0,0,0,0,0,0,0,0,0,0,0,0,0,0,0,0,0,0,0,0,0,0,0,0,0,0,0,0
0.0010389,0,0,2.9898e-07,9.9431e-07,5.4177e-05,6.2975e-05,6.9999e-11,1.409e-10,7.0006e-11,1.4092e-10,6.9999e-11,1.409e-10,3.263e-07,1.0851e-06,5.8413e-05,6.6645e-05,2.7496e-07,9.144e-07,4.994e-05,5.8057e-05,3.6142e-12,3.6515e-12,3.6142e-12,3.6515e-12,3.6142e-12,3.6515e-12,3.614e-12,3.6513e-12,3.6142e-12,3.6515e-12,3.6142e-12,3.6515e-12,3.6142e-12,3.6515e-12,0.0009117,0.077315,0.36995,0.018775,0.0046191,0,0,0,0,0,0,0,0,0,0,0,0,0,0,0,0,0,0,0,0,0,0,0,0,0,0,0,0,0,0,0,0,0,0,0,0,0,0,0,0,0,0,0,0,0,0,0,0,0,0,0,0,0,0,0,0,0,0,0
0.061246,0,0,2.8688e-05,9.5396e-05,0.0038353,0.0030905,2.462e-09,4.9555e-09,2.4622e-09,4.956e-09,2.462e-09,4.9555e-09,3.0922e-05,0.00010283,0.0040459,0.0031383,2.6368e-05,8.7683e-05,0.0035359,0.0028502,1.2813e-10,1.2946e-10,1.2813e-10,1.2946e-10,1.2813e-10,1.2946e-10,1.2813e-10,1.2945e-10,1.2813e-10,1.2946e-10,1.2813e-10,1.2946e-10,1.2813e-10,1.2946e-10,0.058347,0.0049604,0.023737,0.53428,0.28075,0,0,0,0,0,0,0,0,0,0,0,0,0,0,0,0,0,0,0,0,0,0,0,0,0,0,0,0,0,0,0,0,0,0,0,0,0,0,0,0,0,0,0,0,0,0,0,0,0,0,0,0,0,0,0,0,0,0,0
0.016337,0,0,1.7028e-05,5.6625e-05,0.0023534,0.0020075,1.6512e-09,3.3235e-09,1.6513e-09,3.3239e-09,1.6512e-09,3.3235e-09,8.3642e-06,2.7814e-05,0.0011704,0.0010187,1.5641e-05,5.2012e-05,0.0021676,0.0018489,8.491e-11,8.5786e-11,8.491e-11,8.5786e-11,8.491e-11,8.5786e-11,8.4907e-11,8.5783e-11,8.491e-11,8.5786e-11,8.491e-11,8.5786e-11,8.491e-11,8.5786e-11,0.03552,0.00011352,0.00054329,0.026118,0.90949,0,0,0,0,0,0,0,0,0,0,0,0,0,0,0,0,0,0,0,0,0,0,0,0,0,0,0,0,0,0,0,0,0,0,0,0,0,0,0,0,0,0,0,0,0,0,0,0,0,0,0,0,0,0,0,0,0,0,0
0,0.0012928,1.3055e-08,0,0,0,0,0,0,0,0,0,0,0,0,0,0,0,0,0,0,0,0,0,0,0,0,0,0,0,0,0,0,0,0,0,0,0,0,0,0.081775,0.27186,0.036265,0.0089954,3.0541e-08,1.0158e-07,6.4556e-06,8.7573e-06,2.0479e-07,6.8108e-07,4.2795e-05,5.8028e-05,1.69e-10,3.4073e-10,1.4861e-05,8.4474e-05,0.00013825,4.3948e-08,1.4617e-07,9.7999e-06,1.4487e-05,1.423e-07,4.7327e-07,2.9805e-05,4.0432e-05,1.6937e-10,3.4041e-10,0.0006196,2.5305e-07,1.6457e-06,7.614e-06,3.0842e-05,5.246e-05,1.7412e-06,8.3342e-06,0.00063264,0.0034907,6.0762e-13,2.0215e-12,2.5042e-10,7.3606e-10,2.7623e-12,9.1901e-12,1.1325e-09,3.3092e-09,1.5281e-12,5.0839e-12,6.2975e-10,1.8499e-09,5.6003e-14,1.1301e-13,4.7528e-13,1.5813e-12,1.9593e-10,5.7591e-10,2.7363e-14,5.5084e-14,7.4692e-09,3.0209e-08
0,0.0012935,1.3066e-08,0,0,0,0,0,0,0,0,0,0,0,0,0,0,0,0,0,0,0,0,0,0,0,0,0,0,0,0,0,0,0,0,0,0,0,0,0,0.081797,0.27194,0.036278,0.0089991,3.0561e-08,1.0164e-07,6.4594e-06,8.7617e-06,2.0492e-07,6.8154e-07,4.2819e-05,5.8056e-05,1.6908e-10,3.4088e-10,1.4871e-05,8.4521e-05,0.00013832,4.3979e-08,1.4627e-07,9.8058e-06,1.4494e-05,1.424e-07,4.7358e-07,2.9822e-05,4.0452e-05,1.6945e-10,3.4056e-10,0.00061994,2.5325e-07,1.6469e-06,7.6188e-06,3.0859e-05,5.2486e-05,1.7423e-06,8.3393e-06,0.00063297,0.0034925,6.0826e-13,2.0237e-12,2.5066e-10,7.3669e-10,2.7652e-12,9.1997e-12,1.1335e-09,3.312e-09,1.5297e-12,5.0892e-12,6.3035e-10,1.8515e-09,5.6047e-14,1.131e-13,4.7578e-13,1.5829e-12,1.9612e-10,5.7641e-10,2.7384e-14,5.5128e-14,7.4759e-09,3.0236e-08
0,0.042396,1.0357e-06,0,0,0,0,0,0,0,0,0,0,0,0,0,0,0,0,0,0,0,0,0,0,0,0,0,0,0,0,0,0,0,0,0,0,0,0,0,0.0089029,0.029602,0.54276,0.168,1.5837e-06,5.2667e-06,0.00025914,0.00025755,1.0643e-05,3.5394e-05,0.0017171,0.0017052,3.8046e-09,7.6699e-09,0.00065358,0.0031744,0.0038957,2.4304e-06,8.0824e-06,0.00043094,0.00048894,7.3945e-06,2.459e-05,0.0011964,0.0011891,3.8158e-09,7.6685e-09,0.022245,1.6858e-05,9.5772e-05,0.00036308,0.0011704,0.0015169,7.8649e-05,0.00037642,0.021191,0.12085,6.2339e-11,2.0738e-10,2.2538e-08,5.7236e-08,2.8208e-10,9.3839e-10,1.0131e-07,2.5531e-07,1.5669e-10,5.2127e-10,5.6643e-08,1.4374e-07,3.8365e-12,7.7412e-12,4.8761e-11,1.6221e-10,1.7634e-08,4.4784e-08,1.8765e-12,3.7771e-12,6.1241e-07,2.4588e-06
0,0.077221,5.3015e-06,0,0,0,0,0,0,0,0,0,0,0,0,0,0,0,0,0,0,0,0,0,0,0,0,0,0,0,0,0,0,0,0,0,0,0,0,0,0.0051411,0.017094,0.39112,0.12936,5.0004e-06,1.6628e-05,0.00059958,0.00041427,3.3718e-05,0.00011212,0.0039698,0.0027389,4.5478e-09,9.168e-09,0.00162,0.0066176,0.0057358,8.3844e-06,2.7881e-05,0.0011383,0.00096114,2.342e-05,7.7877e-05,0.0027683,0.0019127,4.5668e-09,9.1776e-09,0.047289,7.0154e-05,0.00034207,0.0010196,0.0024891,0.0023366,0.00021383,0.0010233,0.040072,0.24219,4.2737e-10,1.4216e-09,1.3325e-07,2.861e-07,1.9227e-09,6.3957e-09,5.9437e-07,1.263e-06,1.0735e-09,3.5709e-09,3.3464e-07,7.1781e-07,1.6597e-11,3.3485e-11,3.3428e-10,1.1119e-09,1.0426e-07,2.2386e-07,8.1288e-12,1.6361e-11,3.2761e-06,1.3027e-05
0,0.0013175,1.2995e-08,0,0,0,0,0,0,0,0,0,0,0,0,0,0,0,0,0,0,0,0,0,0,0,0,0,0,0,0,0,0,0,0,0,0,0,0,0,8.6534e-08,2.878e-07,1.8278e-05,2.479e-05,0.081506,0.27097,0.036195,0.0089645,2.0393e-07,6.7824e-07,4.2623e-05,5.7808e-05,1.6859e-10,3.3989e-10,1.4798e-05,8.4122e-05,0.0001377,1.3352e-07,4.4405e-07,2.7955e-05,3.7914e-05,4.6904e-08,1.56e-07,1.0473e-05,1.5502e-05,7.5453e-11,1.5165e-10,0.00061707,2.5191e-07,1.6384e-06,7.5804e-06,3.0709e-05,5.224e-05,1.7343e-06,8.3013e-06,0.00063023,0.0034767,6.0482e-13,2.0122e-12,2.4928e-10,7.3271e-10,2.7496e-12,9.1478e-12,1.1273e-09,3.2941e-09,1.521e-12,5.0605e-12,6.2687e-10,1.8415e-09,5.575e-14,1.125e-13,4.7309e-13,1.574e-12,1.9504e-10,5.7329e-10,2.7239e-14,5.4835e-14,7.4351e-09,3.0071e-08
0,0.0013182,1.3007e-08,0,0,0,0,0,0,0,0,0,0,0,0,0,0,0,0,0,0,0,0,0,0,0,0,0,0,0,0,0,0,0,0,0,0,0,0,0,8.6592e-08,2.8799e-07,1.8289e-05,2.4802e-05,0.081528,0.27105,0.036209,0.0089682,2.0407e-07,6.7869e-07,4.2647e-05,5.7837e-05,1.6866e-10,3.4004e-10,1.4807e-05,8.4169e-05,0.00013776,1.3361e-07,4.4434e-07,2.7971e-05,3.7933e-05,4.6936e-08,1.5611e-07,1.0479e-05,1.5511e-05,7.5489e-11,1.5173e-10,0.00061741,2.5211e-07,1.6395e-06,7.5852e-06,3.0726e-05,5.2265e-05,1.7354e-06,8.3064e-06,0.00063057,0.0034786,6.0546e-13,2.0144e-12,2.4952e-10,7.3334e-10,2.7525e-12,9.1574e-12,1.1284e-09,3.297e-09,1.5226e-12,5.0658e-12,6.2747e-10,1.8431e-09,5.5794e-14,1.1259e-13,4.7359e-13,1.5756e-12,1.9522e-10,5.7379e-10,2.7261e-14,5.4879e-14,7.4418e-09,3.0098e-08
0,0.043217,1.0315e-06,0,0,0,0,0,0,0,0,0,0,0,0,0,0,0,0,0,0,0,0,0,0,0,0,0,0,0,0,0,0,0,0,0,0,0,0,0,4.4905e-06,1.4933e-05,0.00073423,0.00072973,0.0088858,0.029545,0.54218,0.16743,1.0608e-05,3.5278e-05,0.0017122,0.0017017,3.8056e-09,7.6719e-09,0.00065145,0.0031649,0.0038863,6.9424e-06,2.3087e-05,0.001123,0.0011161,2.5983e-06,8.641e-06,0.00046159,0.00052477,2.073e-09,4.1663e-09,0.022181,1.6793e-05,9.5412e-05,0.0003618,0.0011668,0.001513,7.8415e-05,0.0003753,0.02114,0.12049,6.2076e-11,2.0651e-10,2.2445e-08,5.7005e-08,2.809e-10,9.3444e-10,1.0089e-07,2.5428e-07,1.5603e-10,5.1907e-10,5.6409e-08,1.4316e-07,3.8215e-12,7.7108e-12,4.8556e-11,1.6153e-10,1.7561e-08,4.4604e-08,1.8691e-12,3.7623e-12,6.0992e-07,2.4488e-06
0,0.078626,5.2809e-06,0,0,0,0,0,0,0,0,0,0,0,0,0,0,0,0,0,0,0,0,0,0,0,0,0,0,0,0,0,0,0,0,0,0,0,0,0,1.4181e-05,4.7157e-05,0.0016988,0.0011738,0.0051235,0.017036,0.38979,0.12847,3.3622e-05,0.0001118,0.0039616,0.002737,4.561e-09,9.1945e-09,0.0016156,0.0066028,0.0057299,2.199e-05,7.312e-05,0.0025983,0.0017951,8.9769e-06,2.9851e-05,0.0012217,0.001034,3.2482e-09,6.5279e-09,0.047182,6.9896e-05,0.00034089,0.0010165,0.002483,0.0023335,0.0002133,0.0010208,0.040011,0.24154,4.256e-10,1.4157e-09,1.3271e-07,2.8499e-07,1.9148e-09,6.3693e-09,5.9198e-07,1.2581e-06,1.0691e-09,3.5562e-09,3.3329e-07,7.1503e-07,1.6535e-11,3.336e-11,3.3289e-10,1.1073e-09,1.0384e-07,2.23e-07,8.0985e-12,1.63e-11,3.2632e-06,1.2976e-05
0,0.0013039,1.3132e-08,0,0,0,0,0,0,0,0,0,0,0,0,0,0,0,0,0,0,0,0,0,0,0,0,0,0,0,0,0,0,0,0,0,0,0,0,0,8.7692e-08,2.9165e-07,1.8565e-05,2.5263e-05,3.0821e-08,1.0251e-07,6.5306e-06,8.8908e-06,0.086676,0.28815,0.037268,0.0092147,7.599e-11,1.5321e-10,1.5019e-05,8.5516e-05,0.00014043,1.353e-07,4.4998e-07,2.8393e-05,3.8637e-05,1.4359e-07,4.7756e-07,3.0149e-05,4.1045e-05,1.7257e-10,3.4684e-10,0.00062786,2.5485e-07,1.6592e-06,7.6892e-06,3.1218e-05,5.327e-05,1.7594e-06,8.4213e-06,0.00064129,0.0035404,6.1028e-13,2.0304e-12,2.5171e-10,7.4049e-10,2.7745e-12,9.2307e-12,1.1383e-09,3.3293e-09,1.5348e-12,5.1062e-12,6.3298e-10,1.8611e-09,5.639e-14,1.1379e-13,4.7737e-13,1.5882e-12,1.9694e-10,5.7938e-10,2.7552e-14,5.5464e-14,7.5119e-09,3.0383e-08
0,0.0013045,1.3143e-08,0,0,0,0,0,0,0,0,0,0,0,0,0,0,0,0,0,0,0,0,0,0,0,0,0,0,0,0,0,0,0,0,0,0,0,0,0,8.7749e-08,2.9184e-07,1.8575e-05,2.5275e-05,3.0841e-08,1.0257e-07,6.5343e-06,8.895e-06,0.086698,0.28823,0.037281,0.0092184,7.6024e-11,1.5328e-10,1.5028e-05,8.5562e-05,0.0001405,1.3539e-07,4.5027e-07,2.8409e-05,3.8655e-05,1.4369e-07,4.7787e-07,3.0166e-05,4.1064e-05,1.7264e-10,3.4698e-10,0.00062818,2.5504e-07,1.6603e-06,7.694e-06,3.1235e-05,5.3295e-05,1.7604e-06,8.4263e-06,0.00064162,0.0035422,6.1091e-13,2.0325e-12,2.5194e-10,7.4111e-10,2.7773e-12,9.2401e-12,1.1394e-09,3.3321e-09,1.5364e-12,5.1115e-12,6.3357e-10,1.8627e-09,5.6433e-14,1.1388e-13,4.7786e-13,1.5898e-12,1.9712e-10,5.7987e-10,2.7573e-14,5.5507e-14,7.5184e-09,3.0409e-08
0,0.042125,1.0342e-06,0,0,0,0,0,0,0,0,0,0,0,0,0,0,0,0,0,0,0,0,0,0,0,0,0,0,0,0,0,0,0,0,0,0,0,0,0,4.4988e-06,1.4961e-05,0.00073526,0.00073019,1.5814e-06,5.2592e-06,0.00025877,0.00025718,0.0091492,0.03042,0.5433,0.16856,2.0443e-09,4.1214e-09,0.00065274,0.0031704,0.0038908,6.9552e-06,2.3129e-05,0.0011245,0.0011168,7.3834e-06,2.4553e-05,0.0011946,0.0011873,3.8092e-09,7.6553e-09,0.022218,1.6835e-05,9.564e-05,0.00036258,0.0011689,0.0015149,7.853e-05,0.00037585,0.02116,0.12078,6.2248e-11,2.0708e-10,2.2505e-08,5.7154e-08,2.8167e-10,9.3703e-10,1.0116e-07,2.5495e-07,1.5646e-10,5.2051e-10,5.6561e-08,1.4354e-07,3.8311e-12,7.7303e-12,4.869e-11,1.6198e-10,1.7609e-08,4.472e-08,1.8738e-12,3.7718e-12,6.1154e-07,2.4553e-06
0,0.076762,5.2941e-06,0,0,0,0,0,0,0,0,0,0,0,0,0,0,0,0,0,0,0,0,0,0,0,0,0,0,0,0,0,0,0,0,0,0,0,0,0,1.4201e-05,4.7224e-05,0.0016999,0.0011728,4.9933e-06,1.6604e-05,0.00059873,0.00041365,0.0052665,0.017511,0.39241,0.13036,3.1974e-09,6.4459e-09,0.0016179,0.0066093,0.0057285,2.2021e-05,7.3224e-05,0.0025998,0.0017937,2.3385e-05,7.776e-05,0.0027641,0.0019097,4.5579e-09,9.1597e-09,0.047232,7.0058e-05,0.00034161,0.0010183,0.0024859,0.0023336,0.00021352,0.0010218,0.040014,0.24206,4.2675e-10,1.4195e-09,1.3306e-07,2.857e-07,1.92e-09,6.3865e-09,5.9353e-07,1.2612e-06,1.072e-09,3.5658e-09,3.3416e-07,7.168e-07,1.6574e-11,3.3439e-11,3.3379e-10,1.1103e-09,1.0411e-07,2.2355e-07,8.1175e-12,1.6338e-11,3.2715e-06,1.3009e-05
0,0.056096,7.4131e-06,0,0,0,0,0,0,0,0,0,0,0,0,0,0,0,0,0,0,0,0,0,0,0,0,0,0,0,0,0,0,0,0,0,0,0,0,0,1.3437e-05,4.4678e-05,0.0012321,0.00063263,4.7305e-06,1.573e-05,0.00043497,0.00022393,1.4109e-05,4.6914e-05,0.0015461,0.0010387,1.865e-09,3.7597e-09,0.0011726,0.0041946,0.0026541,2.09e-05,6.9493e-05,0.0018844,0.00096751,2.2227e-05,7.3907e-05,0.0020082,0.0010339,1.8728e-09,3.7636e-09,0.032894,8.1615e-05,0.0003514,0.00085013,0.0016273,0.0011487,0.00017925,0.0008578,0.02433,0.15293,7.7198e-10,2.5677e-09,2.113e-07,3.9181e-07,3.4538e-09,1.1488e-08,9.354e-07,1.7115e-06,1.938e-09,6.446e-09,5.3028e-07,9.8207e-07,2.0103e-11,4.0557e-11,6.0381e-10,2.0084e-09,1.6533e-07,3.0659e-07,9.8596e-12,1.9843e-11,4.792e-06,1.8872e-05
0,0.11308,1.4948e-05,0,0,0,0,0,0,0,0,0,0,0,0,0,0,0,0,0,0,0,0,0,0,0,0,0,0,0,0,0,0,0,0,0,0,0,0,0,2.7089e-05,9.0076e-05,0.0024839,0.0012753,9.5373e-06,3.1713e-05,0.00087689,0.00045142,2.8446e-05,9.4588e-05,0.003117,0.002094,3.7597e-09,7.5791e-09,0.0023638,0.0084558,0.0053502,4.2136e-05,0.00014011,0.0037988,0.0019504,4.4813e-05,0.000149,0.0040485,0.0020842,3.7753e-09,7.587e-09,0.066314,0.00016456,0.00070847,0.0017139,0.0032806,0.0023156,0.00036138,0.0017294,0.049047,0.30831,1.557e-09,5.1788e-09,4.2612e-07,7.9008e-07,6.9658e-09,2.3169e-08,1.8864e-06,3.451e-06,3.9087e-09,1.3001e-08,1.0694e-06,1.9803e-06,4.0535e-11,8.1776e-11,1.2178e-09,4.0506e-09,3.3342e-07,6.1822e-07,1.988e-11,4.001e-11,9.6633e-06,3.8056e-05
0,0.021567,4.5405e-07,0,0,0,0,0,0,0,0,0,0,0,0,0,0,0,0,0,0,0,0,0,0,0,0,0,0,0,0,0,0,0,0,0,0,0,0,0,2.4065e-06,8.0033e-06,0.0004311,0.00045898,8.4578e-07,2.8128e-06,0.00015166,0.00016156,5.6796e-06,1.8888e-05,0.0010055,0.0010705,2.3883e-09,4.8145e-09,0.068298,0.19701,0.073017,3.7171e-06,1.2361e-05,0.00065933,0.00070197,3.945e-06,1.312e-05,0.00070017,0.0007459,2.3947e-09,4.8125e-09,0.013287,8.1012e-06,4.8983e-05,0.00020175,0.00070153,0.00096269,4.3932e-05,0.00021027,0.01291,0.034804,2.3536e-11,7.8302e-11,9.2033e-09,2.5373e-08,1.0682e-10,3.5537e-10,4.1522e-08,1.1369e-07,5.9179e-11,1.9688e-10,2.3139e-08,6.375e-08,1.8159e-12,3.6642e-12,1.841e-11,6.1248e-11,7.2008e-09,1.9853e-08,8.8765e-13,1.7868e-12,2.6332e-07,1.0618e-06
0,0.047389,1.7094e-06,0,0,0,0,0,0,0,0,0,0,0,0,0,0,0,0,0,0,0,0,0,0,0,0,0,0,0,0,0,0,0,0,0,0,0,0,0,6.8395e-06,2.2745e-05,0.0010469,0.00093747,2.4039e-06,7.9942e-06,0.0003684,0.00033014,1.6169e-05,5.377e-05,0.0024418,0.0021866,4.2716e-09,8.6111e-09,0.098505,0.30411,0.11886,1.0579e-05,3.518e-05,0.0016012,0.0014338,1.1229e-05,3.7342e-05,0.0017008,0.0015242,4.285e-09,8.6113e-09,0.030704,2.7001e-05,0.00014945,0.00054196,0.0016432,0.0019415,0.0001152,0.00055135,0.028458,0.080441,1.068e-10,3.553e-10,3.7921e-08,9.4162e-08,4.8299e-10,1.6067e-09,1.7031e-07,4.1947e-07,2.6844e-10,8.9301e-10,9.5297e-08,2.3645e-07,6.1769e-12,1.2463e-11,8.3542e-11,2.7791e-10,2.967e-08,7.3677e-08,3.0217e-12,6.0823e-12,1.0162e-06,4.0753e-06
0,0.095749,8.6864e-06,0,0,0,0,0,0,0,0,0,0,0,0,0,0,0,0,0,0,0,0,0,0,0,0,0,0,0,0,0,0,0,0,0,0,0,0,0,2.2387e-05,7.4444e-05,0.0025696,0.0016251,7.8697e-06,2.6169e-05,0.00090475,0.00057299,5.3106e-05,0.00017659,0.0059933,0.0037904,5.4057e-09,1.0897e-08,0.073017,0.23773,0.10171,3.4725e-05,0.00011547,0.00393,0.0024855,3.6868e-05,0.00012259,0.0041771,0.0026454,5.43e-09,1.0912e-08,0.070353,0.00011351,0.00054698,0.0015909,0.0037235,0.0032184,0.00032984,0.0015785,0.058009,0.18412,7.0943e-10,2.3598e-09,2.1986e-07,4.6817e-07,3.1911e-09,1.0615e-08,9.8038e-07,2.0655e-06,1.782e-09,5.9276e-09,5.5213e-07,1.1745e-06,2.6923e-11,5.4319e-11,5.549e-10,1.8458e-09,1.7203e-07,3.6633e-07,1.3188e-11,2.6543e-11,5.3799e-06,2.1383e-05
0,0.0013089,1.3135e-08,0,0,0,0,0,0,0,0,0,0,0,0,0,0,0,0,0,0,0,0,0,0,0,0,0,0,0,0,0,0,0,0,0,0,0,0,0,2.8736e-08,9.5573e-08,6.4729e-06,9.5919e-06,3.081e-08,1.0247e-07,6.5256e-06,8.8785e-06,2.0659e-07,6.8708e-07,4.3259e-05,5.8831e-05,1.7188e-10,3.4653e-10,1.5009e-05,8.5431e-05,0.00014021,0.085831,0.28535,0.03709,0.0091681,1.4356e-07,4.7744e-07,3.0128e-05,4.0991e-05,1.7225e-10,3.462e-10,0.0006271,2.5484e-07,1.6588e-06,7.6854e-06,3.1189e-05,5.3191e-05,1.7585e-06,8.4172e-06,0.00064062,0.0035339,6.1058e-13,2.0314e-12,2.5179e-10,7.4063e-10,2.7758e-12,9.2351e-12,1.1387e-09,3.3299e-09,1.5355e-12,5.1087e-12,6.332e-10,1.8614e-09,5.6391e-14,1.138e-13,4.776e-13,1.589e-12,1.9701e-10,5.7949e-10,2.7552e-14,5.5466e-14,7.5137e-09,3.039e-08
0,0.0013096,1.3146e-08,0,0,0,0,0,0,0,0,0,0,0,0,0,0,0,0,0,0,0,0,0,0,0,0,0,0,0,0,0,0,0,0,0,0,0,0,0,2.8755e-08,9.5638e-08,6.4767e-06,9.5968e-06,3.083e-08,1.0254e-07,6.5293e-06,8.8827e-06,2.0673e-07,6.8753e-07,4.3283e-05,5.8859e-05,1.7195e-10,3.4668e-10,1.5018e-05,8.5477e-05,0.00014028,0.085853,0.28542,0.037103,0.0091717,1.4365e-07,4.7775e-07,3.0145e-05,4.1011e-05,1.7233e-10,3.4635e-10,0.00062743,2.5504e-07,1.66e-06,7.6901e-06,3.1206e-05,5.3216e-05,1.7596e-06,8.4223e-06,0.00064095,0.0035357,6.1121e-13,2.0335e-12,2.5203e-10,7.4126e-10,2.7787e-12,9.2446e-12,1.1398e-09,3.3327e-09,1.5371e-12,5.114e-12,6.3379e-10,1.863e-09,5.6435e-14,1.1388e-13,4.781e-13,1.5906e-12,1.9719e-10,5.7998e-10,2.7574e-14,5.5509e-14,7.5203e-09,3.0416e-08
0,0.042385,1.0357e-06,0,0,0,0,0,0,0,0,0,0,0,0,0,0,0,0,0,0,0,0,0,0,0,0,0,0,0,0,0,0,0,0,0,0,0,0,0,1.5731e-06,5.2315e-06,0.00028177,0.00031969,1.5837e-06,5.2667e-06,0.00025914,0.00025755,1.0643e-05,3.5394e-05,0.001717,0.0017052,3.8045e-09,7.6698e-09,0.00065358,0.0031744,0.0038957,0.0091055,0.030275,0.54294,0.16818,7.3945e-06,2.459e-05,0.0011964,0.0011891,3.8157e-09,7.6684e-09,0.022245,1.6858e-05,9.5772e-05,0.00036308,0.0011705,0.0015169,7.8649e-05,0.00037642,0.021191,0.12085,6.2339e-11,2.0738e-10,2.2538e-08,5.7236e-08,2.8208e-10,9.384e-10,1.0131e-07,2.5531e-07,1.5669e-10,5.2127e-10,5.6643e-08,1.4374e-07,3.8365e-12,7.7412e-12,4.8761e-11,1.6221e-10,1.7634e-08,4.4784e-08,1.8765e-12,3.7771e-12,6.1241e-07,2.4588e-06
0,0.0772,5.3015e-06,0,0,0,0,0,0,0,0,0,0,0,0,0,0,0,0,0,0,0,0,0,0,0,0,0,0,0,0,0,0,0,0,0,0,0,0,0,5.4136e-06,1.8002e-05,0.00074425,0.00062844,5.0004e-06,1.6628e-05,0.00059957,0.00041425,3.3718e-05,0.00011212,0.0039698,0.0027389,4.5475e-09,9.1674e-09,0.00162,0.0066175,0.0057357,0.0052399,0.017422,0.39154,0.1297,2.342e-05,7.7876e-05,0.0027682,0.0019126,4.5665e-09,9.1771e-09,0.047288,7.0154e-05,0.00034207,0.0010196,0.002489,0.0023366,0.00021383,0.0010233,0.040072,0.24219,4.2737e-10,1.4216e-09,1.3325e-07,2.861e-07,1.9227e-09,6.3957e-09,5.9437e-07,1.2629e-06,1.0735e-09,3.5709e-09,3.3464e-07,7.1781e-07,1.6597e-11,3.3485e-11,3.3428e-10,1.1119e-09,1.0426e-07,2.2386e-07,8.1288e-12,1.6361e-11,3.2761e-06,1.3027e-05
0,0.0013356,1.3078e-08,0,0,0,0,0,0,0,0,0,0,0,0,0,0,0,0,0,0,0,0,0,0,0,0,0,0,0,0,0,0,0,0,0,0,0,0,0,8.7331e-08,2.9045e-07,1.8485e-05,2.5148e-05,1.016e-08,3.3791e-08,2.2925e-06,3.4022e-06,2.0581e-07,6.8447e-07,4.3105e-05,5.8643e-05,1.7158e-10,3.4593e-10,1.4951e-05,8.5115e-05,0.00013973,1.3474e-07,4.4813e-07,2.8271e-05,3.8462e-05,0.085725,0.28499,0.037058,0.0091506,7.6644e-11,1.5405e-10,0.00062486,2.5377e-07,1.652e-06,7.6544e-06,3.1069e-05,5.2999e-05,1.7523e-06,8.3876e-06,0.00063853,0.0035216,6.079e-13,2.0225e-12,2.507e-10,7.3745e-10,2.7636e-12,9.1945e-12,1.1337e-09,3.3156e-09,1.5288e-12,5.0862e-12,6.3045e-10,1.8534e-09,5.6153e-14,1.1331e-13,4.755e-13,1.582e-12,1.9615e-10,5.77e-10,2.7436e-14,5.5231e-14,7.4813e-09,3.0259e-08
0,0.0013363,1.3089e-08,0,0,0,0,0,0,0,0,0,0,0,0,0,0,0,0,0,0,0,0,0,0,0,0,0,0,0,0,0,0,0,0,0,0,0,0,0,8.7388e-08,2.9064e-07,1.8495e-05,2.516e-05,1.0167e-08,3.3814e-08,2.2939e-06,3.4039e-06,2.0594e-07,6.8492e-07,4.3129e-05,5.8671e-05,1.7166e-10,3.4608e-10,1.496e-05,8.5161e-05,0.00013979,1.3483e-07,4.4842e-07,2.8287e-05,3.848e-05,0.085748,0.28507,0.037072,0.0091542,7.6679e-11,1.5412e-10,0.00062519,2.5396e-07,1.6531e-06,7.6592e-06,3.1086e-05,5.3024e-05,1.7534e-06,8.3926e-06,0.00063886,0.0035234,6.0853e-13,2.0246e-12,2.5093e-10,7.3808e-10,2.7665e-12,9.204e-12,1.1348e-09,3.3184e-09,1.5304e-12,5.0915e-12,6.3104e-10,1.855e-09,5.6196e-14,1.134e-13,4.7599e-13,1.5836e-12,1.9633e-10,5.7749e-10,2.7457e-14,5.5274e-14,7.4879e-09,3.0285e-08
0,0.043234,1.0315e-06,0,0,0,0,0,0,0,0,0,0,0,0,0,0,0,0,0,0,0,0,0,0,0,0,0,0,0,0,0,0,0,0,0,0,0,0,0,4.4906e-06,1.4934e-05,0.00073425,0.00072975,5.5691e-07,1.8521e-06,9.9983e-05,0.00011367,1.0608e-05,3.5278e-05,0.0017122,0.0017017,3.8059e-09,7.6724e-09,0.00065146,0.0031649,0.0038864,6.9425e-06,2.3087e-05,0.001123,0.0011161,0.0090978,0.030249,0.54256,0.16784,2.0734e-09,4.167e-09,0.022181,1.6793e-05,9.5413e-05,0.0003618,0.0011668,0.001513,7.8416e-05,0.0003753,0.02114,0.12049,6.2076e-11,2.0651e-10,2.2445e-08,5.7006e-08,2.809e-10,9.3444e-10,1.0089e-07,2.5428e-07,1.5603e-10,5.1907e-10,5.6409e-08,1.4316e-07,3.8215e-12,7.7109e-12,4.8556e-11,1.6153e-10,1.7561e-08,4.4604e-08,1.8691e-12,3.7623e-12,6.0992e-07,2.4488e-06
0,0.078654,5.2809e-06,0,0,0,0,0,0,0,0,0,0,0,0,0,0,0,0,0,0,0,0,0,0,0,0,0,0,0,0,0,0,0,0,0,0,0,0,0,1.4182e-05,4.7158e-05,0.0016989,0.0011738,1.9192e-06,6.382e-06,0.00026463,0.00022397,3.3622e-05,0.0001118,0.0039617,0.0027371,4.5614e-09,9.1954e-09,0.0016157,0.0066029,0.0057301,2.199e-05,7.3121e-05,0.0025983,0.0017952,0.0052298,0.017389,0.39075,0.12927,3.2487e-09,6.5289e-09,0.047182,6.9897e-05,0.00034089,0.0010165,0.0024831,0.0023335,0.0002133,0.0010208,0.040012,0.24153,4.256e-10,1.4157e-09,1.3271e-07,2.8499e-07,1.9148e-09,6.3693e-09,5.9198e-07,1.2581e-06,1.0691e-09,3.5562e-09,3.3329e-07,7.1503e-07,1.6535e-11,3.336e-11,3.3289e-10,1.1073e-09,1.0384e-07,2.23e-07,8.0985e-12,1.63e-11,3.2632e-06,1.2976e-05
0,0.056561,7.4235e-06,0,0,0,0,0,0,0,0,0,0,0,0,0,0,0,0,0,0,0,0,0,0,0,0,0,0,0,0,0,0,0,0,0,0,0,0,0,1.3466e-05,4.4777e-05,0.0012358,0.00063529,2.1173e-06,7.0404e-06,0.00023695,0.00015948,3.204e-05,0.00010654,0.0028808,0.0014806,1.8728e-09,3.7753e-09,0.0011757,0.0042077,0.002666,2.0946e-05,6.9647e-05,0.00189,0.00097157,9.9289e-06,3.3015e-05,0.0010941,0.00073637,1.8891e-09,3.7963e-09,0.032989,8.1749e-05,0.00035205,0.00085207,0.0016322,0.0011534,0.00017974,0.00086015,0.024419,0.15336,7.7286e-10,2.5706e-09,2.1157e-07,3.9237e-07,3.4577e-09,1.1501e-08,9.3659e-07,1.7139e-06,1.9402e-09,6.4534e-09,5.3095e-07,9.8347e-07,2.0135e-11,4.0621e-11,6.045e-10,2.0107e-09,1.6554e-07,3.0702e-07,9.8752e-12,1.9874e-11,4.7984e-06,1.8897e-05
0,0.11366,1.4923e-05,0,0,0,0,0,0,0,0,0,0,0,0,0,0,0,0,0,0,0,0,0,0,0,0,0,0,0,0,0,0,0,0,0,0,0,0,0,2.7065e-05,8.9994e-05,0.0024835,0.0012767,4.2555e-06,1.4151e-05,0.00047621,0.0003205,6.4396e-05,0.00021412,0.0057895,0.0029756,3.7635e-09,7.5868e-09,0.0023628,0.0084558,0.0053575,4.2098e-05,0.00013998,0.0037983,0.0019525,1.9956e-05,6.6358e-05,0.0021988,0.0014799,3.7963e-09,7.629e-09,0.066298,0.00016431,0.00070757,0.0017124,0.0032801,0.0023179,0.00036124,0.0017287,0.049074,0.3082,1.5539e-09,5.1685e-09,4.2533e-07,7.8874e-07,6.9521e-09,2.3123e-08,1.8829e-06,3.4452e-06,3.901e-09,1.2975e-08,1.0674e-06,1.977e-06,4.0473e-11,8.165e-11,1.2154e-09,4.0426e-09,3.328e-07,6.1717e-07,1.985e-11,3.9948e-11,9.6462e-06,3.7989e-05
0,0.0046491,2.1442e-07,0,0,0,0,0,0,0,0,0,0,0,0,0,0,0,0,0,0,0,0,0,0,0,0,0,0,0,0,0,0,0,0,0,0,0,0,0,7.3525e-07,2.445e-06,0.00010752,9.8185e-05,2.5844e-07,8.5944e-07,3.784e-05,3.4575e-05,1.7399e-06,5.7859e-06,0.00025079,0.00022901,4.9098e-10,9.898e-10,9.7356e-05,0.00044994,0.00051549,1.1381e-06,3.7848e-06,0.00016445,0.00015017,1.2082e-06,4.0178e-06,0.0001747,0.00015963,4.9239e-10,9.8955e-10,0.9427,3.1275e-06,1.6532e-05,5.6797e-05,0.0001675,0.00020305,1.2095e-05,5.7885e-05,0.0029338,0.01699,1.5383e-11,5.1172e-11,5.0731e-09,1.1694e-08,6.9353e-11,2.307e-10,2.2699e-08,5.186e-08,3.8651e-11,1.2857e-10,1.2744e-08,2.9351e-08,7.2593e-13,1.4647e-12,1.2032e-11,4.0026e-11,3.9694e-09,9.1497e-09,3.5531e-13,7.1516e-13,1.3001e-07,5.1911e-07
0,0.0012414,0.056777,0,0,0,0,0,0,0,0,0,0,0,0,0,0,0,0,0,0,0,0,0,0,0,0,0,0,0,0,0,0,0,0,0,0,0,0,0,6.7494e-08,2.245e-07,1.8315e-05,3.2739e-05,2.3713e-08,7.8876e-08,6.4389e-06,1.1512e-05,1.5874e-07,5.2799e-07,4.2713e-05,7.6352e-05,2.738e-10,5.5206e-10,1.3343e-05,8.8943e-05,0.00018696,1.0396e-07,3.4579e-07,2.8013e-05,5.0073e-05,1.1029e-07,3.6683e-07,2.9727e-05,5.315e-05,2.7424e-10,5.5123e-10,0.00070296,0.10737,0.23468,0.14739,0.067249,0.016441,1.5713e-06,7.5216e-06,0.00075178,0.0040878,3.6485e-05,0.00012132,0.0042009,0.0028103,0.00015534,0.00051652,0.017169,0.010722,9.1118e-05,0.00030298,0.01047,0.0069675,5.8601e-08,1.1819e-07,2.853e-05,9.4866e-05,0.0032875,0.0021995,2.9226e-08,5.8806e-08,0.065848,0.23243
0,0.003191,0.030362,0,0,0,0,0,0,0,0,0,0,0,0,0,0,0,0,0,0,0,0,0,0,0,0,0,0,0,0,0,0,0,0,0,0,0,0,0,2.1947e-07,7.2997e-07,5.2025e-05,7.9818e-05,7.7112e-08,2.5648e-07,1.8292e-05,2.8073e-05,5.1673e-07,1.7186e-06,0.00012133,0.00018615,5.8943e-10,1.1884e-09,4.0339e-05,0.00024615,0.00045045,3.3835e-07,1.1253e-06,7.957e-05,0.00012208,3.5897e-07,1.1939e-06,8.4452e-05,0.00012961,5.9051e-10,1.1869e-09,0.0018579,0.11734,0.2944,0.22454,0.12423,0.033919,4.7087e-06,2.2539e-05,0.0019387,0.010671,1.0574e-05,3.5163e-05,0.0016048,0.0014845,4.5859e-05,0.0001525,0.0067739,0.006007,2.6458e-05,8.7983e-05,0.0040102,0.0036967,4.1877e-08,8.4467e-08,8.2695e-06,2.7499e-05,0.0012558,0.0011618,2.0739e-08,4.173e-08,0.027191,0.10038
0,0.01041,0.01203,0,0,0,0,0,0,0,0,0,0,0,0,0,0,0,0,0,0,0,0,0,0,0,0,0,0,0,0,0,0,0,0,0,0,0,0,0,1.0154e-06,3.377e-06,0.00019723,0.00023792,3.5678e-07,1.1866e-06,6.9364e-05,8.3711e-05,2.3947e-06,7.9641e-06,0.00045997,0.00055488,1.426e-09,2.8748e-09,0.00016614,0.00089264,0.0013102,1.5676e-06,5.2133e-06,0.00030165,0.00036388,1.6633e-06,5.5316e-06,0.00032024,0.00038648,1.4292e-09,2.8724e-09,0.0063831,0.073693,0.22454,0.27124,0.22512,0.074405,1.9457e-05,9.3129e-05,0.0063635,0.035836,2.5825e-06,8.5885e-06,0.00049372,0.00060176,1.1351e-05,3.775e-05,0.0021295,0.0025259,6.4709e-06,2.152e-05,0.0012361,0.001503,2.1608e-08,4.3586e-08,2.0198e-06,6.7171e-06,0.00038634,0.0004709,1.0652e-08,2.1434e-08,0.0092133,0.035045
0,0.028419,0.0038839,0,0,0,0,0,0,0,0,0,0,0,0,0,0,0,0,0,0,0,0,0,0,0,0,0,0,0,0,0,0,0,0,0,0,0,0,0,4.1131e-06,1.3678e-05,0.00063581,0.00058079,1.4454e-06,4.8066e-06,0.00022369,0.00020448,9.7225e-06,3.2331e-05,0.0014829,0.0013546,2.7297e-09,5.5028e-09,0.00057773,0.0027065,0.0030664,6.3617e-06,2.1155e-05,0.00097244,0.00088829,6.7513e-06,2.2451e-05,0.0010327,0.00094407,2.7378e-09,5.5019e-09,0.018824,0.033625,0.12423,0.22512,0.29582,0.11809,6.9969e-05,0.00033487,0.017539,0.10225,5.5365e-07,1.8414e-06,0.00012942,0.00020018,2.4588e-06,8.1776e-06,0.00056696,0.00086115,1.3888e-06,4.619e-06,0.00032447,0.00050105,8.8155e-09,1.7783e-08,4.3303e-07,1.4402e-06,0.00010127,0.00015664,4.332e-09,8.7177e-09,0.0026796,0.01041
0,0.060851,0.0015647,0,0,0,0,0,0,0,0,0,0,0,0,0,0,0,0,0,0,0,0,0,0,0,0,0,0,0,0,0,0,0,0,0,0,0,0,0,1.3992e-05,4.6527e-05,0.001648,0.0010904,4.9175e-06,1.6352e-05,0.00058012,0.00038434,3.3181e-05,0.00011033,0.0038437,0.0025433,3.8535e-09,7.7682e-09,0.0015856,0.0063956,0.0053009,2.1699e-05,7.2153e-05,0.0025206,0.0016677,2.3033e-05,7.659e-05,0.0026784,0.0017744,3.8695e-09,7.7761e-09,0.045639,0.016441,0.067837,0.14881,0.23618,0.1058,0.00020944,0.0010023,0.038176,0.23559,1.7052e-07,5.6715e-07,4.5713e-05,8.2323e-05,7.6227e-07,2.5354e-06,0.0002021,0.00035875,4.2803e-07,1.4237e-06,0.00011471,0.0002063,4.0953e-09,8.2616e-09,1.3337e-07,4.4361e-07,3.5769e-05,6.4416e-05,2.0092e-09,4.0436e-09,0.0010207,0.0040122
0,0.0014197,2.6437e-08,0,0,0,0,0,0,0,0,0,0,0,0,0,0,0,0,0,0,0,0,0,0,0,0,0,0,0,0,0,0,0,0,0,0,0,0,0,1.3548e-07,4.5058e-07,2.4928e-05,2.9113e-05,4.7631e-08,1.584e-07,8.7722e-06,1.025e-05,3.1978e-07,1.0635e-06,5.8141e-05,6.7902e-05,1.7547e-10,3.5376e-10,2.1114e-05,0.00011074,0.00015853,2.0928e-07,6.9599e-07,3.8126e-05,4.4526e-05,2.2218e-07,7.3888e-07,4.0498e-05,4.732e-05,1.7592e-10,3.5356e-10,0.00079271,4.5853e-07,2.7482e-06,1.1356e-05,4.0837e-05,6.112e-05,0.077286,0.3698,0.018375,0.0043232,1.4663e-12,4.8779e-12,5.5175e-10,1.4712e-09,6.6439e-12,2.2103e-11,2.4849e-09,6.5808e-09,3.6861e-12,1.2263e-11,1.3869e-09,3.6958e-09,1.0325e-13,2.0834e-13,1.1469e-12,3.8155e-12,4.317e-10,1.1511e-09,5.0479e-14,1.0161e-13,1.5457e-08,6.2215e-08
0,0.0014204,2.646e-08,0,0,0,0,0,0,0,0,0,0,0,0,0,0,0,0,0,0,0,0,0,0,0,0,0,0,0,0,0,0,0,0,0,0,0,0,0,1.3557e-07,4.5087e-07,2.4942e-05,2.9127e-05,4.7662e-08,1.5851e-07,8.7771e-06,1.0255e-05,3.1999e-07,1.0642e-06,5.8174e-05,6.7936e-05,1.7555e-10,3.5392e-10,2.1127e-05,0.0001108,0.0001586,2.0942e-07,6.9644e-07,3.8147e-05,4.4548e-05,2.2232e-07,7.3936e-07,4.0521e-05,4.7343e-05,1.76e-10,3.5372e-10,0.00079314,4.5888e-07,2.7501e-06,1.1363e-05,4.0859e-05,6.115e-05,0.077311,0.36992,0.018383,0.0043256,1.4678e-12,4.8829e-12,5.5226e-10,1.4725e-09,6.6507e-12,2.2125e-11,2.4872e-09,6.5863e-09,3.6899e-12,1.2275e-11,1.3882e-09,3.6989e-09,1.0333e-13,2.085e-13,1.1481e-12,3.8194e-12,4.321e-10,1.1521e-09,5.0518e-14,1.0169e-13,1.5471e-08,6.2269e-08
0,0.080749,4.0852e-06,0,0,0,0,0,0,0,0,0,0,0,0,0,0,0,0,0,0,0,0,0,0,0,0,0,0,0,0,0,0,0,0,0,0,0,0,0,1.3011e-05,4.3268e-05,0.0017753,0.0014421,4.5749e-06,1.5213e-05,0.00062508,0.00050821,3.0809e-05,0.00010245,0.0041407,0.0033634,6.2952e-09,1.2691e-08,0.00164,0.0072304,0.0073692,2.0151e-05,6.701e-05,0.0027152,0.0022055,2.1399e-05,7.1158e-05,0.0028858,0.0023463,6.3176e-09,1.2696e-08,0.050826,5.7988e-05,0.00029907,0.00098167,0.0027056,0.0029446,0.0048568,0.023241,0.51386,0.2643,3.0217e-10,1.0051e-09,9.823e-08,2.2216e-07,1.3616e-09,4.5292e-09,4.3917e-07,9.8407e-07,7.5916e-10,2.5253e-09,2.4675e-07,5.5757e-07,1.353e-11,2.7297e-11,2.3635e-10,7.862e-10,7.6859e-08,1.7383e-07,6.6232e-12,1.3331e-11,2.4892e-06,9.9285e-06
0,0.021506,2.0389e-06,0,0,0,0,0,0,0,0,0,0,0,0,0,0,0,0,0,0,0,0,0,0,0,0,0,0,0,0,0,0,0,0,0,0,0,0,0,6.6805e-06,2.2216e-05,0.00094211,0.00081099,2.3484e-06,7.8096e-06,0.00033152,0.00028546,1.5822e-05,5.2613e-05,0.0021986,0.0018927,3.681e-09,7.4208e-09,0.00041128,0.0019012,0.0021758,1.0344e-05,3.4398e-05,0.0014409,0.0012404,1.0982e-05,3.6519e-05,0.0015305,0.0013179,3.6916e-09,7.4189e-09,0.027401,2.9329e-05,0.00015312,0.00051424,0.0014673,0.0016904,0.00010631,0.00050877,0.024588,0.9043,1.486e-10,4.9432e-10,4.8643e-08,1.1103e-07,6.6977e-10,2.2279e-09,2.1756e-07,4.9211e-07,3.7335e-10,1.2419e-09,1.2219e-07,2.7868e-07,6.8256e-12,1.3771e-11,1.1623e-10,3.8665e-10,3.806e-08,8.6877e-08,3.3411e-12,6.7248e-12,1.2394e-06,4.9459e-06
0,6.9217e-08,0.0012502,0,0,0,0,0,0,0,0,0,0,0,0,0,0,0,0,0,0,0,0,0,0,0,0,0,0,0,0,0,0,0,0,0,0,0,0,0,1.7217e-12,5.7284e-12,7.1952e-10,2.1188e-09,6.0485e-13,2.0124e-12,2.5287e-10,7.447e-10,4.0384e-12,1.3436e-11,1.6779e-09,4.941e-09,2.7514e-14,5.5492e-14,4.1184e-10,3.7377e-09,1.2414e-08,2.6462e-12,8.804e-12,1.1005e-09,3.2406e-09,2.8067e-12,9.3381e-12,1.1675e-09,3.4381e-09,2.7545e-14,5.5381e-14,3.6733e-08,0.0003876,0.00022468,5.4872e-05,1.1764e-05,1.8115e-06,5.3379e-11,2.5559e-10,4.1618e-08,2.2003e-07,0.092459,0.30737,0.038357,0.0093762,9.06e-07,3.0131e-06,0.00018687,0.00025296,5.1333e-07,1.7072e-06,0.00010757,0.00014855,2.4258e-09,4.8934e-09,1.5985e-07,5.316e-07,3.3537e-05,4.641e-05,1.1919e-09,2.3986e-09,0.00084617,0.0033027
0,6.9275e-08,0.0012508,0,0,0,0,0,0,0,0,0,0,0,0,0,0,0,0,0,0,0,0,0,0,0,0,0,0,0,0,0,0,0,0,0,0,0,0,0,1.7235e-12,5.7342e-12,7.2017e-10,2.1205e-09,6.0546e-13,2.0145e-12,2.531e-10,7.4531e-10,4.0425e-12,1.345e-11,1.6794e-09,4.945e-09,2.7535e-14,5.5534e-14,4.1224e-10,3.7411e-09,1.2424e-08,2.6488e-12,8.8129e-12,1.1015e-09,3.2433e-09,2.8095e-12,9.3475e-12,1.1685e-09,3.4409e-09,2.7565e-14,5.5422e-14,3.6764e-08,0.00038778,0.00022479,5.4905e-05,1.1772e-05,1.8129e-06,5.3429e-11,2.5583e-10,4.1653e-08,2.2022e-07,0.092481,0.30745,0.038371,0.0093796,9.0656e-07,3.015e-06,0.00018697,0.00025307,5.1365e-07,1.7083e-06,0.00010763,0.00014862,2.4268e-09,4.8954e-09,1.5995e-07,5.3194e-07,3.3555e-05,4.6431e-05,1.1924e-09,2.3996e-09,0.00084659,0.0033044
0,5.5144e-06,0.037056,0,0,0,0,0,0,0,0,0,0,0,0,0,0,0,0,0,0,0,0,0,0,0,0,0,0,0,0,0,0,0,0,0,0,0,0,0,1.742e-10,5.7955e-10,6.3862e-08,1.6218e-07,6.12e-11,2.036e-10,2.2446e-08,5.7008e-08,4.0891e-10,1.3603e-09,1.4892e-07,3.7821e-07,1.8488e-12,3.7285e-12,3.9535e-08,3.258e-07,9.4445e-07,2.679e-10,8.9123e-10,9.7674e-08,2.4805e-07,2.8416e-10,9.4534e-10,1.0363e-07,2.632e-07,1.8511e-12,3.7214e-12,2.974e-06,0.010956,0.008371,0.0025754,0.00067507,0.00011923,4.9312e-09,2.3609e-08,3.3215e-06,1.7682e-05,0.0094167,0.031309,0.54133,0.16678,4.5927e-05,0.00015273,0.0072201,0.0070289,2.6384e-05,8.7737e-05,0.0042487,0.0042794,5.3438e-08,1.0779e-07,8.2288e-06,2.7364e-05,0.0013276,0.0013417,2.6392e-08,5.3106e-08,0.029635,0.1119
0,2.8966e-05,0.059511,0,0,0,0,0,0,0,0,0,0,0,0,0,0,0,0,0,0,0,0,0,0,0,0,0,0,0,0,0,0,0,0,0,0,0,0,0,1.192e-09,3.9653e-09,3.7756e-07,8.1069e-07,4.1879e-10,1.3931e-09,1.3272e-07,2.8501e-07,2.8005e-09,9.3158e-09,8.8048e-07,1.8906e-06,7.9812e-12,1.6094e-11,2.5375e-07,1.8834e-06,4.682e-06,1.8345e-09,6.1023e-09,5.7747e-07,1.2399e-06,1.946e-09,6.4732e-09,6.1273e-07,1.3158e-06,7.9923e-12,1.6066e-11,1.5959e-05,0.017064,0.018027,0.0073075,0.0024309,0.00049985,3.0611e-08,1.4655e-07,1.7488e-05,9.3962e-05,0.0053588,0.017817,0.38827,0.12806,0.00014477,0.00048139,0.016364,0.010774,8.4799e-05,0.00028197,0.0099625,0.0069583,6.3711e-08,1.285e-07,2.6506e-05,8.8137e-05,0.0031235,0.002193,3.1698e-08,6.3781e-08,0.063274,0.227
0,1.1005e-07,0.0012957,0,0,0,0,0,0,0,0,0,0,0,0,0,0,0,0,0,0,0,0,0,0,0,0,0,0,0,0,0,0,0,0,0,0,0,0,0,2.7618e-12,9.189e-12,1.1488e-09,3.3636e-09,9.7025e-13,3.2282e-12,4.0375e-10,1.1822e-09,6.4783e-12,2.1554e-11,2.679e-09,7.8439e-09,4.3435e-14,8.7602e-14,6.5952e-10,5.9642e-09,1.9703e-08,4.2448e-12,1.4123e-11,1.7571e-09,5.1446e-09,4.5023e-12,1.498e-11,1.864e-09,5.4581e-09,4.3483e-14,8.7427e-14,5.8435e-08,0.00058233,0.00034383,8.5105e-05,1.8434e-05,2.8575e-06,8.5345e-11,4.0865e-10,6.6172e-08,3.4993e-07,3.1976e-07,1.0634e-06,6.6026e-05,8.9401e-05,0.092902,0.30885,0.038464,0.0094268,8.0257e-07,2.6691e-06,0.00016565,0.00022393,3.5025e-09,7.0653e-09,2.5011e-07,8.3178e-07,5.167e-05,6.9967e-05,1.7202e-09,3.4616e-09,0.0013077,0.0024835
0,1.1014e-07,0.0012963,0,0,0,0,0,0,0,0,0,0,0,0,0,0,0,0,0,0,0,0,0,0,0,0,0,0,0,0,0,0,0,0,0,0,0,0,0,2.7646e-12,9.1982e-12,1.1499e-09,3.3664e-09,9.7122e-13,3.2314e-12,4.0412e-10,1.1832e-09,6.4848e-12,2.1575e-11,2.6814e-09,7.8503e-09,4.3467e-14,8.7667e-14,6.6015e-10,5.9695e-09,1.9718e-08,4.2491e-12,1.4137e-11,1.7587e-09,5.1487e-09,4.5068e-12,1.4995e-11,1.8657e-09,5.4626e-09,4.3516e-14,8.7492e-14,5.8484e-08,0.00058258,0.000344,8.5154e-05,1.8447e-05,2.8596e-06,8.5424e-11,4.0903e-10,6.6227e-08,3.5023e-07,3.1995e-07,1.0641e-06,6.6061e-05,8.9441e-05,0.092924,0.30892,0.038477,0.0094303,8.0307e-07,2.6708e-06,0.00016574,0.00022403,3.5039e-09,7.068e-09,2.5026e-07,8.323e-07,5.1697e-05,6.9998e-05,1.7209e-09,3.463e-09,0.0013083,0.0024847
0,8.6986e-06,0.038377,0,0,0,0,0,0,0,0,0,0,0,0,0,0,0,0,0,0,0,0,0,0,0,0,0,0,0,0,0,0,0,0,0,0,0,0,0,2.7797e-10,9.2477e-10,1.0129e-07,2.5527e-07,9.7657e-11,3.2489e-10,3.5601e-08,8.9731e-08,6.5251e-10,2.1707e-09,2.3621e-07,5.9529e-07,2.888e-12,5.824e-12,6.2938e-08,5.1629e-07,1.486e-06,4.2749e-10,1.4222e-09,1.5492e-07,3.9043e-07,4.5345e-10,1.5085e-09,1.6436e-07,4.1427e-07,2.8915e-12,5.8131e-12,4.6953e-06,0.015801,0.012468,0.0039195,0.0010435,0.00018599,7.8364e-09,3.7519e-08,5.2399e-06,2.7905e-05,1.6192e-05,5.3844e-05,0.0025482,0.0024807,0.0094428,0.031395,0.5423,0.16803,4.0585e-05,0.00013496,0.0063816,0.0061955,7.2295e-08,1.4582e-07,1.2664e-05,4.2113e-05,0.0019943,0.0019417,3.5675e-08,7.1784e-08,0.044725,0.085557
0,4.5267e-05,0.061613,0,0,0,0,0,0,0,0,0,0,0,0,0,0,0,0,0,0,0,0,0,0,0,0,0,0,0,0,0,0,0,0,0,0,0,0,0,1.891e-09,6.2904e-09,5.9428e-07,1.2627e-06,6.6436e-10,2.21e-09,2.089e-07,4.4394e-07,4.4429e-09,1.4779e-08,1.3859e-06,2.9448e-06,1.2301e-11,2.4805e-11,4.0121e-07,2.9605e-06,7.2887e-06,2.9103e-09,9.6809e-09,9.0892e-07,1.9313e-06,3.0872e-09,1.0269e-08,9.6443e-07,2.0496e-06,1.2319e-11,2.4762e-11,2.4974e-05,0.022974,0.02574,0.010824,0.00369,0.00076863,4.8314e-08,2.313e-07,2.7334e-05,0.00014695,5.1024e-05,0.00016966,0.0057752,0.0038026,0.0053877,0.017913,0.39118,0.13078,0.00012765,0.00042444,0.014423,0.0094525,7.7562e-08,1.5644e-07,3.9904e-05,0.00013269,0.0045203,0.0029768,3.8575e-08,7.7616e-08,0.092413,0.17791
0,7.1056e-08,0.0012365,0,0,0,0,0,0,0,0,0,0,0,0,0,0,0,0,0,0,0,0,0,0,0,0,0,0,0,0,0,0,0,0,0,0,0,0,0,1.7692e-12,5.8864e-12,7.3898e-10,2.1747e-09,6.2154e-13,2.0679e-12,2.5971e-10,7.6436e-10,4.1499e-12,1.3807e-11,1.7233e-09,5.0714e-09,2.8223e-14,5.6922e-14,4.2312e-10,3.8386e-09,1.2741e-08,2.7192e-12,9.0469e-12,1.1303e-09,3.3262e-09,2.8841e-12,9.5957e-12,1.199e-09,3.5289e-09,2.8254e-14,5.6808e-14,3.7712e-08,0.00039553,0.0002297,5.6179e-05,1.2057e-05,1.858e-06,5.4831e-11,2.6255e-10,4.2724e-08,2.2589e-07,2.0975e-07,6.9756e-07,4.3911e-05,6.0624e-05,9.2912e-07,3.09e-06,0.00019138,0.00025856,0.09207,0.30608,0.038308,0.0094005,1.1645e-09,2.3492e-09,1.6404e-07,5.4554e-07,3.4358e-05,4.7437e-05,1.2129e-09,2.4409e-09,0.00086593,0.0033642
0,7.1116e-08,0.0012371,0,0,0,0,0,0,0,0,0,0,0,0,0,0,0,0,0,0,0,0,0,0,0,0,0,0,0,0,0,0,0,0,0,0,0,0,0,1.771e-12,5.8924e-12,7.3966e-10,2.1765e-09,6.2216e-13,2.07e-12,2.5995e-10,7.6499e-10,4.1541e-12,1.3821e-11,1.7248e-09,5.0756e-09,2.8244e-14,5.6965e-14,4.2353e-10,3.8421e-09,1.2751e-08,2.7219e-12,9.056e-12,1.1313e-09,3.3289e-09,2.887e-12,9.6054e-12,1.2001e-09,3.5318e-09,2.8276e-14,5.6851e-14,3.7744e-08,0.00039571,0.00022982,5.6213e-05,1.2065e-05,1.8594e-06,5.4883e-11,2.6279e-10,4.276e-08,2.2608e-07,2.0988e-07,6.98e-07,4.3935e-05,6.0652e-05,9.297e-07,3.0919e-06,0.00019148,0.00025867,0.092092,0.30615,0.038321,0.009404,1.165e-09,2.3502e-09,1.6414e-07,5.4589e-07,3.4377e-05,4.7459e-05,1.2134e-09,2.4418e-09,0.00086637,0.0033659
0,5.6599e-06,0.036683,0,0,0,0,0,0,0,0,0,0,0,0,0,0,0,0,0,0,0,0,0,0,0,0,0,0,0,0,0,0,0,0,0,0,0,0,0,1.79e-10,5.9551e-10,6.5582e-08,1.6643e-07,6.2886e-11,2.0921e-10,2.305e-08,5.8501e-08,4.2017e-10,1.3978e-09,1.5293e-07,3.8811e-07,1.8959e-12,3.8233e-12,4.0615e-08,3.3454e-07,9.6914e-07,2.7528e-10,9.1578e-10,1.003e-07,2.5454e-07,2.9199e-10,9.7138e-10,1.0642e-07,2.7009e-07,1.8982e-12,3.8161e-12,3.0527e-06,0.011157,0.0085472,0.0026345,0.00069157,0.00012224,5.0649e-09,2.425e-08,3.4091e-06,1.8149e-05,1.079e-05,3.5883e-05,0.001736,0.0017485,4.708e-05,0.00015656,0.0073878,0.0071724,0.0094046,0.031268,0.54248,0.16808,3.1083e-08,6.2698e-08,8.4383e-06,2.8061e-05,0.0013584,0.0013683,2.6753e-08,5.3832e-08,0.030301,0.11394
0,2.9704e-05,0.058892,0,0,0,0,0,0,0,0,0,0,0,0,0,0,0,0,0,0,0,0,0,0,0,0,0,0,0,0,0,0,0,0,0,0,0,0,0,1.2241e-09,4.0721e-09,3.8744e-07,8.3108e-07,4.3007e-10,1.4306e-09,1.3619e-07,2.9218e-07,2.876e-09,9.567e-09,9.0353e-07,1.9381e-06,8.174e-12,1.6482e-11,2.605e-07,1.9324e-06,4.7996e-06,1.8839e-09,6.2668e-09,5.9258e-07,1.2711e-06,1.9984e-09,6.6477e-09,6.2877e-07,1.3489e-06,8.1853e-12,1.6454e-11,1.6367e-05,0.017285,0.018342,0.0074578,0.0024862,0.00051181,3.1421e-08,1.5042e-07,1.7934e-05,9.6362e-05,3.469e-05,0.00011535,0.0040706,0.0028431,0.00014816,0.00049266,0.016698,0.010943,0.0053727,0.017864,0.39129,0.13054,4.6679e-08,9.4152e-08,2.7125e-05,9.0196e-05,0.0031854,0.002225,3.1888e-08,6.4162e-08,0.064528,0.23066
0,4.319e-05,0.033273,0,0,0,0,0,0,0,0,0,0,0,0,0,0,0,0,0,0,0,0,0,0,0,0,0,0,0,0,0,0,0,0,0,0,0,0,0,2.226e-09,7.4043e-09,6.2115e-07,1.1542e-06,7.8207e-10,2.6014e-09,2.1837e-07,4.0585e-07,5.2343e-09,1.7411e-08,1.4486e-06,2.6918e-06,1.0051e-11,2.0265e-11,4.4571e-07,3.0323e-06,6.6084e-06,3.4282e-09,1.1403e-08,9.5003e-07,1.7654e-06,3.6368e-09,1.2097e-08,1.0082e-06,1.8737e-06,1.0066e-11,2.0234e-11,2.4316e-05,0.0087327,0.012481,0.0064402,0.0026274,0.00061029,5.2725e-08,2.524e-07,2.6139e-05,0.00014177,3.4027e-05,0.00011314,0.0030533,0.0015637,0.00013921,0.00046286,0.011704,0.0053938,3.998e-05,0.00013294,0.0043468,0.0028041,2.4257e-08,4.8924e-08,2.6599e-05,8.8442e-05,0.002389,0.0012236,1.2153e-08,2.4453e-08,0.045199,0.14935
0,8.7142e-05,0.067106,0,0,0,0,0,0,0,0,0,0,0,0,0,0,0,0,0,0,0,0,0,0,0,0,0,0,0,0,0,0,0,0,0,0,0,0,0,4.492e-09,1.4942e-08,1.2533e-06,2.3287e-06,1.5782e-09,5.2495e-09,4.4061e-07,8.1883e-07,1.0563e-08,3.5134e-08,2.9228e-06,5.4309e-06,2.0276e-11,4.0883e-11,8.9938e-07,6.1183e-06,1.3333e-05,6.9179e-09,2.3011e-08,1.9169e-06,3.5617e-06,7.3388e-09,2.4411e-08,2.0342e-06,3.7804e-06,2.0308e-11,4.082e-11,4.9061e-05,0.017613,0.025175,0.012991,0.0053002,0.0012312,1.0639e-07,5.093e-07,5.2739e-05,0.00028604,6.864e-05,0.00022823,0.0061587,0.0031539,0.00028081,0.00093367,0.023608,0.010879,8.0651e-05,0.00026817,0.0087681,0.0056558,4.8924e-08,9.8676e-08,5.3656e-05,0.00017841,0.0048186,0.002468,2.4512e-08,4.932e-08,0.091169,0.30124
0,6.9134e-08,0.0012448,0,0,0,0,0,0,0,0,0,0,0,0,0,0,0,0,0,0,0,0,0,0,0,0,0,0,0,0,0,0,0,0,0,0,0,0,0,1.7197e-12,5.7218e-12,7.1867e-10,2.1163e-09,6.0415e-13,2.0101e-12,2.5257e-10,7.4381e-10,4.0338e-12,1.3421e-11,1.6759e-09,4.9351e-09,2.748e-14,5.5424e-14,4.1136e-10,3.7333e-09,1.2399e-08,2.6431e-12,8.7938e-12,1.0992e-09,3.2367e-09,2.8034e-12,9.3273e-12,1.1661e-09,3.434e-09,2.7511e-14,5.5313e-14,3.6689e-08,0.00038703,0.00022437,5.48e-05,1.1749e-05,1.8093e-06,5.3316e-11,2.5529e-10,4.1568e-08,2.1977e-07,2.0409e-07,6.7874e-07,4.2796e-05,5.9214e-05,9.0479e-07,3.0091e-06,0.00018662,0.00025258,5.126e-07,1.7048e-06,0.00010741,0.00014831,2.4211e-09,4.884e-09,0.092232,0.30662,0.038311,0.0093641,5.8138e-10,1.17e-09,0.00084509,0.0032984
0,6.9193e-08,0.0012454,0,0,0,0,0,0,0,0,0,0,0,0,0,0,0,0,0,0,0,0,0,0,0,0,0,0,0,0,0,0,0,0,0,0,0,0,0,1.7215e-12,5.7275e-12,7.1933e-10,2.118e-09,6.0476e-13,2.0121e-12,2.528e-10,7.4442e-10,4.0378e-12,1.3434e-11,1.6774e-09,4.9391e-09,2.7501e-14,5.5466e-14,4.1176e-10,3.7367e-09,1.2409e-08,2.6458e-12,8.8027e-12,1.1002e-09,3.2394e-09,2.8063e-12,9.3367e-12,1.1671e-09,3.4368e-09,2.7531e-14,5.5355e-14,3.6721e-08,0.0003872,0.00022448,5.4833e-05,1.1757e-05,1.8106e-06,5.3366e-11,2.5553e-10,4.1603e-08,2.1996e-07,2.0422e-07,6.7917e-07,4.2819e-05,5.9241e-05,9.0536e-07,3.011e-06,0.00018672,0.0002527,5.1292e-07,1.7058e-06,0.00010747,0.00014838,2.4221e-09,4.8859e-09,0.092254,0.30669,0.038324,0.0093675,5.8163e-10,1.1705e-09,0.00084552,0.0033
0,5.5096e-06,0.036933,0,0,0,0,0,0,0,0,0,0,0,0,0,0,0,0,0,0,0,0,0,0,0,0,0,0,0,0,0,0,0,0,0,0,0,0,0,1.7405e-10,5.7903e-10,6.3805e-08,1.6204e-07,6.1145e-11,2.0342e-10,2.2426e-08,5.6959e-08,4.0854e-10,1.3591e-09,1.4879e-07,3.7788e-07,1.8473e-12,3.7253e-12,3.95e-08,3.2551e-07,9.4364e-07,2.6766e-10,8.9043e-10,9.7588e-08,2.4784e-07,2.8391e-10,9.4449e-10,1.0354e-07,2.6297e-07,1.8495e-12,3.7183e-12,2.9714e-06,0.010949,0.0083646,0.0025733,0.00067452,0.00011912,4.9268e-09,2.3589e-08,3.3186e-06,1.7667e-05,1.0512e-05,3.4957e-05,0.0016951,0.001713,4.589e-05,0.0001526,0.0072147,0.0070244,2.6358e-05,8.7653e-05,0.0042448,0.0042757,5.3384e-08,1.0768e-07,0.0094054,0.031271,0.54124,0.16666,1.557e-08,3.133e-08,0.029618,0.11183
0,2.8942e-05,0.059345,0,0,0,0,0,0,0,0,0,0,0,0,0,0,0,0,0,0,0,0,0,0,0,0,0,0,0,0,0,0,0,0,0,0,0,0,0,1.191e-09,3.9618e-09,3.7724e-07,8.1e-07,4.1842e-10,1.3919e-09,1.326e-07,2.8477e-07,2.7981e-09,9.3076e-09,8.7972e-07,1.889e-06,7.9746e-12,1.6081e-11,2.5353e-07,1.8817e-06,4.6781e-06,1.8329e-09,6.0969e-09,5.7697e-07,1.2389e-06,1.9443e-09,6.4675e-09,6.122e-07,1.3147e-06,7.9857e-12,1.6053e-11,1.5945e-05,0.017053,0.018014,0.007302,0.0024289,0.00049944,3.0585e-08,1.4642e-07,1.7473e-05,9.3882e-05,3.3866e-05,0.00011261,0.003988,0.0028,0.00014466,0.00048103,0.016353,0.010769,8.4722e-05,0.00028171,0.009954,0.0069531,6.3657e-08,1.2839e-07,0.0053519,0.017794,0.38799,0.12778,2.3469e-08,4.7224e-08,0.063243,0.2269
0,4.2297e-05,0.033576,0,0,0,0,0,0,0,0,0,0,0,0,0,0,0,0,0,0,0,0,0,0,0,0,0,0,0,0,0,0,0,0,0,0,0,0,0,2.1757e-09,7.237e-09,6.0775e-07,1.1309e-06,7.644e-10,2.5426e-09,2.1365e-07,3.9764e-07,5.1161e-09,1.7017e-08,1.4173e-06,2.6374e-06,9.8607e-12,1.9882e-11,4.3585e-07,2.9674e-06,6.4753e-06,3.3507e-09,1.1145e-08,9.2954e-07,1.7296e-06,3.5546e-09,1.1823e-08,9.864e-07,1.8358e-06,9.876e-12,1.9851e-11,2.3808e-05,0.008712,0.012364,0.0063508,0.0025828,0.00059897,5.1568e-08,2.4686e-07,2.5598e-05,0.00013882,3.3443e-05,0.0001112,0.0030163,0.0015561,0.00013675,0.0004547,0.011552,0.0053657,8.3293e-05,0.00027695,0.0074834,0.0038315,2.431e-08,4.9031e-08,1.2776e-05,4.2481e-05,0.0013937,0.00090238,1.2272e-08,2.4693e-08,0.044618,0.14788
0,8.5134e-05,0.067555,0,0,0,0,0,0,0,0,0,0,0,0,0,0,0,0,0,0,0,0,0,0,0,0,0,0,0,0,0,0,0,0,0,0,0,0,0,4.3799e-09,1.4569e-08,1.2233e-06,2.2761e-06,1.5388e-09,5.1186e-09,4.3006e-07,8.0033e-07,1.0299e-08,3.4257e-08,2.8529e-06,5.3082e-06,1.9845e-11,4.0014e-11,8.7737e-07,5.973e-06,1.3033e-05,6.7454e-09,2.2437e-08,1.8711e-06,3.4813e-06,7.1558e-09,2.3802e-08,1.9855e-06,3.695e-06,1.9876e-11,3.9952e-11,4.792e-05,0.017529,0.024879,0.012779,0.0051976,0.0012054,1.038e-07,4.9692e-07,5.1523e-05,0.00027942,6.73e-05,0.00022377,0.0060694,0.0031311,0.00027519,0.000915,0.023245,0.010796,0.00016761,0.00055732,0.015058,0.0077094,4.8913e-08,9.8652e-08,2.5711e-05,8.5491e-05,0.0028045,0.0018157,2.4693e-08,4.9683e-08,0.08978,0.29755
0,1.1622e-06,0.0033798,0,0,0,0,0,0,0,0,0,0,0,0,0,0,0,0,0,0,0,0,0,0,0,0,0,0,0,0,0,0,0,0,0,0,0,0,0,4.3274e-11,1.4396e-10,1.4453e-08,3.321e-08,1.5203e-11,5.0575e-11,5.0801e-09,1.1675e-08,1.0164e-10,3.381e-10,3.3704e-08,7.7448e-08,3.4921e-13,7.042e-13,9.4212e-09,7.2717e-08,1.9248e-07,6.6581e-11,2.2149e-10,2.2105e-08,5.0794e-08,7.0626e-11,2.3494e-10,2.3454e-08,5.39e-08,3.4967e-13,7.0293e-13,6.3477e-07,0.0014304,0.0011813,0.00040027,0.00011641,2.2173e-05,1.1506e-09,5.5085e-09,7.0101e-07,3.7523e-06,1.7301e-06,5.7532e-06,0.00024682,0.00022637,7.5776e-06,2.5198e-05,0.0010557,0.00093693,4.3332e-06,1.4409e-05,0.00061764,0.00056498,6.5883e-09,1.3289e-08,1.3532e-06,4.4998e-06,0.00019318,0.00017719,3.2512e-09,6.5421e-09,0.94357,0.015957
0,9.0078e-06,0.016613,0,0,0,0,0,0,0,0,0,0,0,0,0,0,0,0,0,0,0,0,0,0,0,0,0,0,0,0,0,0,0,0,0,0,0,0,0,3.4014e-10,1.1315e-09,1.1277e-07,2.5665e-07,1.195e-10,3.9752e-10,3.9638e-08,9.0223e-08,7.9891e-10,2.6576e-09,2.6298e-07,5.9852e-07,2.6727e-12,5.3896e-12,7.3828e-08,5.6672e-07,1.4868e-06,5.2335e-10,1.7409e-09,1.7248e-07,3.9253e-07,5.5515e-10,1.8467e-09,1.83e-07,4.1654e-07,2.6763e-12,5.38e-12,4.9256e-06,0.009812,0.0084754,0.0029588,0.00087889,0.00016938,9e-09,4.3088e-08,5.4339e-06,2.9101e-05,1.3122e-05,4.3633e-05,0.0018109,0.001578,2.7958e-05,9.2968e-05,0.0039233,0.0035043,3.2721e-05,0.00010881,0.0045139,0.0039253,4.2302e-08,8.5325e-08,1.0264e-05,3.413e-05,0.0014175,0.0012354,2.094e-08,4.2135e-08,0.031012,0.90566
