0.04776,0.024947,1.0809e-13,1.1407e-15,1.0648e-15,1.0938e-15,1.0818e-15,1.1005e-15,0.00056196,0.0089644,0.0085616,0.0087165,0.0086073,6.2953e-13,8.1662e-21,2.1702e-12,2.1702e-12,2.1702e-12,2.1702e-12,2.1702e-12,2.1702e-12,2.2195e-12,7.2465e-13,9.427e-21,2.4861e-12,2.4861e-12,2.4861e-12,2.4861e-12,8.986e-13,1.1741e-20,3.0751e-12,3.0751e-12,3.0751e-12,3.0751e-12,3.0751e-12,3.0751e-12,7.2468e-13,9.4271e-21,2.4839e-12,2.4839e-12,2.4839e-12,2.4839e-12,4.653e-12,4.3306e-12,4.2275e-12,4.292e-12,4.2294e-12,7.7596e-12,7.2155e-12,6.9873e-12,7.1223e-12,6.9858e-12,3.2024e-12,2.9817e-12,2.9303e-12,2.9646e-12,2.9338e-12
3.3871e-06,7.8121e-07,0.0045367,0.0010431,8.5562e-09,7.0006e-09,8.8179e-09,7.2585e-09,1.1408e-15,4.2872e-14,4.6871e-14,4.6851e-14,4.2742e-14,5.5297e-06,2.0544e-13,1.4524e-05,1.4524e-05,1.4524e-05,1.4524e-05,1.4524e-05,1.4524e-05,1.4842e-05,3.4166e-06,1.2579e-13,9.0655e-06,9.0655e-06,9.0655e-06,9.0655e-06,5.8132e-06,2.1577e-13,1.5279e-05,1.5279e-05,1.5279e-05,1.5279e-05,1.5279e-05,1.5279e-05,3.5913e-06,1.3239e-13,9.5106e-06,9.5106e-06,9.5106e-06,9.5106e-06,0.4924,2.3083e-05,1.7439e-05,2.3556e-05,1.8282e-05,0.13566,3.626e-05,2.6987e-05,3.6956e-05,2.8351e-05,0.67096,1.693e-05,1.2984e-05,1.7308e-05,1.3582e-05
0.01447,0.0033427,0.0047488,8.556e-09,0.0013066,6.9576e-09,7.5428e-14,7.2504e-09,1.0648e-15,3.8639e-14,4.2283e-14,4.2266e-14,3.852e-14,0.078872,4.8144e-08,0.15959,0.15959,0.15959,0.15959,0.15959,0.15959,0.15268,3.6134e-06,1.3351e-13,9.5553e-06,9.5553e-06,9.5553e-06,9.5553e-06,5.4839e-11,3.5193e-19,2.2072e-10,2.2072e-10,2.2072e-10,2.2072e-10,2.2072e-10,2.2072e-10,3.7938e-06,1.4037e-13,1.0015e-05,1.0015e-05,1.0015e-05,1.0015e-05,2.6513e-05,0.62136,1.838e-05,3.2565e-10,1.9265e-05,4.2687e-05,0.17709,2.8757e-05,5.4557e-10,3.0171e-05,1.8988e-05,0.84318,1.3533e-05,2.2254e-10,1.4169e-05
0.013236,0.0030345,0.0048201,7.0008e-09,6.9573e-09,0.0021418,6.6427e-09,5.5749e-14,1.0938e-15,3.8251e-14,4.1903e-14,4.1887e-14,3.8131e-14,3.5142e-06,1.2995e-13,9.3107e-06,9.3106e-06,9.3106e-06,9.3106e-06,9.3106e-06,9.3107e-06,9.5017e-06,0.13624,8.4237e-08,0.26644,0.26645,0.26645,0.26645,4.7278e-06,1.7676e-13,1.237e-05,1.237e-05,1.237e-05,1.237e-05,1.237e-05,1.237e-05,3.1288e-11,1.9906e-19,1.264e-10,1.264e-10,1.264e-10,1.264e-10,2.168e-05,2.0771e-05,1.0204,1.9346e-05,2.3312e-10,3.4904e-05,3.3243e-05,0.29384,3.0801e-05,3.8891e-10,1.5529e-05,1.4967e-05,1.3833,1.3999e-05,1.5994e-10
0.012227,0.0028259,0.0048153,8.8182e-09,7.543e-14,6.6429e-09,0.0013024,6.8445e-09,1.0818e-15,3.9533e-14,4.3263e-14,4.3246e-14,3.9412e-14,4.9224e-11,3.1568e-19,1.9834e-10,1.9833e-10,1.9833e-10,1.9833e-10,1.9833e-10,1.9834e-10,2.0303e-10,3.6991e-06,1.3688e-13,9.7556e-06,9.7555e-06,9.7555e-06,9.7555e-06,0.086218,5.2826e-08,0.16501,0.16502,0.16502,0.16502,0.16502,0.16502,3.8598e-06,1.4301e-13,1.0161e-05,1.0161e-05,1.0161e-05,1.0161e-05,2.6817e-05,3.3041e-10,1.8646e-05,0.61972,1.9413e-05,4.3017e-05,5.5437e-10,2.948e-05,0.17731,3.0747e-05,1.9265e-05,2.254e-10,1.3579e-05,0.84071,1.4112e-05
0.013278,0.0030468,0.0048071,7.2588e-09,7.2501e-09,5.5749e-14,6.8444e-09,0.0021344,1.1005e-15,3.8495e-14,4.2171e-14,4.2156e-14,3.8375e-14,3.493e-06,1.2912e-13,9.2712e-06,9.2712e-06,9.2712e-06,9.2712e-06,9.2712e-06,9.2712e-06,9.4587e-06,3.0937e-11,1.9682e-19,1.2515e-10,1.2515e-10,1.2515e-10,1.2515e-10,4.6713e-06,1.746e-13,1.2235e-05,1.2235e-05,1.2235e-05,1.2235e-05,1.2235e-05,1.2235e-05,0.13833,8.5781e-08,0.26745,0.26745,0.26745,0.26745,2.1526e-05,2.0756e-05,2.3077e-10,1.9218e-05,1.0171,3.4427e-05,3.2996e-05,3.8458e-10,3.0414e-05,0.2932,1.5529e-05,1.5063e-05,1.5853e-10,1.3994e-05,1.3786
2.0115e-06,4.6409e-07,0.0020034,5.4093e-05,4.602e-09,3.7015e-09,6.9668e-09,3.6552e-09,4.2177e-14,1.7419e-12,1.9025e-12,1.9017e-12,1.7362e-12,2.9563e-06,1.2079e-13,7.5453e-06,7.5452e-06,7.5452e-06,7.5452e-06,7.5452e-06,7.5453e-06,7.709e-06,1.7978e-06,7.2711e-14,4.6384e-06,4.6384e-06,4.6384e-06,4.6384e-06,4.5614e-06,1.892e-13,1.1588e-05,1.1588e-05,1.1588e-05,1.1588e-05,1.1588e-05,1.1588e-05,1.7999e-06,7.2766e-14,4.6375e-06,4.6375e-06,4.6375e-06,4.6375e-06,0.072785,1.2045e-05,8.9546e-06,1.7957e-05,8.9451e-06,0.094269,1.8818e-05,1.3778e-05,2.799e-05,1.3794e-05,0.063145,8.8835e-06,6.7053e-06,1.3282e-05,6.6829e-06
1.3596e-07,3.1383e-08,0.00026366,8.0624e-06,2.6383e-10,2.1255e-10,4.0167e-10,2.0986e-10,1.6605e-13,7.3983e-12,8.0733e-12,8.0694e-12,7.372e-12,1.7443e-07,4.2318e-15,5.0911e-07,5.0911e-07,5.0911e-07,5.0911e-07,5.0911e-07,5.0911e-07,5.2056e-07,1.0567e-07,2.5433e-15,3.1113e-07,3.1113e-07,3.1113e-07,3.1113e-07,2.7052e-07,6.6409e-15,7.8701e-07,7.8701e-07,7.8701e-07,7.8701e-07,7.8701e-07,7.8701e-07,1.0578e-07,2.5451e-15,3.1101e-07,3.1101e-07,3.1101e-07,3.1101e-07,0.014353,7.9676e-07,5.9113e-07,1.1962e-06,5.9056e-07,0.02054,1.2751e-06,9.3319e-07,1.911e-06,9.3414e-07,0.011514,5.7304e-07,4.312e-07,8.623e-07,4.2989e-07
5.0516e-08,2.634e-08,4.2765e-07,1.4072e-08,2.126e-13,1.715e-13,3.2507e-13,1.693e-13,1.7202e-10,8.6598e-09,9.4355e-09,9.4305e-09,8.6255e-09,1.4381e-10,2.2152e-18,4.7065e-10,4.7065e-10,4.7065e-10,4.7065e-10,4.7065e-10,4.7065e-10,4.815e-10,8.6872e-11,1.3296e-18,2.8639e-10,2.8639e-10,2.8639e-10,2.8639e-10,2.2388e-10,3.4817e-18,7.3098e-10,7.3097e-10,7.3097e-10,7.3097e-10,7.3097e-10,7.3097e-10,8.6947e-11,1.3304e-18,2.8624e-10,2.8624e-10,2.8624e-10,2.8624e-10,3.1243e-05,7.2582e-10,5.3766e-10,1.0952e-09,5.3719e-10,4.731e-05,1.1822e-09,8.6502e-10,1.7816e-09,8.6578e-10,2.3812e-05,5.1203e-10,3.8433e-10,7.7417e-10,3.8326e-10
8.3194e-07,4.3439e-07,8.5806e-08,2.9279e-09,2.6835e-14,2.1665e-14,4.1147e-14,2.1386e-14,2.4714e-09,1.4318e-07,1.557e-07,1.556e-07,1.4254e-07,1.8435e-11,2.0259e-19,6.5394e-11,6.5393e-11,6.5393e-11,6.5393e-11,6.5393e-11,6.5393e-11,6.6924e-11,1.1115e-11,1.2148e-19,3.9683e-11,3.9683e-11,3.9683e-11,3.9683e-11,2.8768e-11,3.188e-19,1.0186e-10,1.0186e-10,1.0186e-10,1.0186e-10,1.0186e-10,1.0186e-10,1.1123e-11,1.2155e-19,3.9659e-11,3.9659e-11,3.9659e-11,3.9659e-11,7.3688e-06,9.9914e-11,7.3939e-11,1.5125e-10,7.3878e-11,1.1451e-05,1.6454e-10,1.2039e-10,2.4883e-10,1.2048e-10,5.4753e-06,6.9609e-11,5.2163e-11,1.0556e-10,5.2026e-11
4.4588e-06,2.3282e-06,5.721e-09,2.0259e-10,1.0366e-15,8.3756e-16,1.5939e-15,8.2672e-16,1.1809e-08,7.6847e-07,8.3405e-07,8.3351e-07,7.6463e-07,7.2362e-13,5.5023e-21,2.8121e-12,2.812e-12,2.812e-12,2.812e-12,2.812e-12,2.8121e-12,2.8789e-12,4.3548e-13,3.2962e-21,1.7018e-12,1.7018e-12,1.7018e-12,1.7018e-12,1.132e-12,8.6688e-21,4.3929e-12,4.3928e-12,4.3928e-12,4.3928e-12,4.3928e-12,4.3928e-12,4.3578e-13,3.298e-21,1.7006e-12,1.7006e-12,1.7006e-12,1.7006e-12,5.9786e-07,4.2558e-12,3.1462e-12,6.4636e-12,3.1438e-12,9.5518e-07,7.0877e-12,5.1853e-12,1.0756e-11,5.1889e-12,4.3165e-07,2.9266e-12,2.1892e-12,4.452e-12,2.1839e-12
0.0030658,0.0016008,5.3505e-12,1.9467e-13,2.8292e-17,2.7912e-17,2.9256e-17,2.8081e-17,6.685e-06,0.00052976,0.00057292,0.00057249,0.00052663,1.7018e-14,1.5703e-22,6.3673e-14,6.3673e-14,6.3673e-14,6.3673e-14,6.3673e-14,6.3673e-14,6.5144e-14,1.8681e-14,1.7344e-22,6.9507e-14,6.9507e-14,6.9507e-14,6.9507e-14,2.4561e-14,2.279e-22,9.1335e-14,9.1334e-14,9.1334e-14,9.1334e-14,9.1334e-14,9.1334e-14,1.8685e-14,1.7348e-22,6.9456e-14,6.9456e-14,6.9456e-14,6.9456e-14,6.5956e-10,1.2555e-13,1.1753e-13,1.2667e-13,1.176e-13,1.0753e-09,2.1112e-13,1.9613e-13,2.122e-13,1.9612e-13,4.6582e-10,8.5518e-14,8.0569e-14,8.6534e-14,8.067e-14
0.02599,0.013571,1.3698e-12,4.8815e-14,6.7552e-16,6.6898e-16,6.9115e-16,6.7319e-16,4.3924e-05,0.0045096,0.0048495,0.0048452,0.0044766,3.9848e-13,5.4269e-21,1.3555e-12,1.3555e-12,1.3555e-12,1.3555e-12,1.3555e-12,1.3555e-12,1.3862e-12,4.4218e-13,6.0331e-21,1.4972e-12,1.4972e-12,1.4972e-12,1.4972e-12,5.7261e-13,7.858e-21,1.9331e-12,1.9331e-12,1.9331e-12,1.9331e-12,1.9331e-12,1.9331e-12,4.4229e-13,6.0344e-21,1.4962e-12,1.4962e-12,1.4962e-12,1.4962e-12,1.7946e-10,2.7071e-12,2.5491e-12,2.702e-12,2.5507e-12,2.9568e-10,4.5031e-12,4.2062e-12,4.4762e-12,4.2061e-12,1.2525e-10,1.8674e-12,1.7703e-12,1.87e-12,1.7728e-12
0.0036704,0.00084145,0.0023058,3.8078e-09,4.0299e-09,0.00011189,4.1287e-09,3.5184e-14,4.2542e-14,1.6348e-12,1.789e-12,1.7883e-12,1.6292e-12,2.0256e-06,8.1962e-14,5.2249e-06,5.2248e-06,5.2248e-06,5.2248e-06,5.2248e-06,5.2248e-06,5.331e-06,0.059108,4.5775e-08,0.073873,0.073873,0.073873,0.073873,2.9211e-06,1.199e-13,7.4299e-06,7.4299e-06,7.4299e-06,7.4299e-06,7.4299e-06,7.4299e-06,1.9774e-11,1.3143e-19,7.889e-11,7.889e-11,7.889e-11,7.8891e-11,1.145e-05,1.168e-05,0.14879,1.1665e-05,1.4563e-10,1.8351e-05,1.8606e-05,0.19123,1.848e-05,2.4268e-10,8.2407e-06,8.459e-06,0.12956,8.4854e-06,1.0004e-10
0.00076702,0.00017584,0.00030522,2.1815e-10,2.3118e-10,1.6843e-05,2.3695e-10,1.1817e-15,1.6723e-13,6.9378e-12,7.5852e-12,7.5821e-12,6.9123e-12,1.191e-07,2.8671e-15,3.507e-07,3.507e-07,3.507e-07,3.507e-07,3.507e-07,3.507e-07,3.5816e-07,0.0094634,2.698e-09,0.015441,0.015441,0.015441,0.015441,1.7259e-07,4.2016e-15,5.0241e-07,5.024e-07,5.024e-07,5.024e-07,5.024e-07,5.024e-07,6.7186e-13,3.2023e-21,2.9123e-12,2.9123e-12,2.9123e-12,2.9123e-12,7.625e-07,7.7643e-07,0.029218,7.7521e-07,5.3447e-12,1.2485e-06,1.2642e-06,0.041378,1.256e-06,8.9882e-12,5.3604e-07,5.4908e-07,0.023594,5.5043e-07,3.6322e-12
1.7741e-06,4.2059e-07,4.9667e-07,1.7571e-13,1.8637e-13,2.9554e-08,1.9109e-13,5.9347e-19,1.7327e-10,8.1309e-09,8.8753e-09,8.8713e-09,8.0975e-09,9.7936e-11,1.4989e-18,3.2294e-10,3.2294e-10,3.2294e-10,3.2294e-10,3.2294e-10,3.2294e-10,3.3003e-10,1.7428e-05,2.2509e-12,3.4762e-05,3.4762e-05,3.4762e-05,3.4762e-05,1.4242e-10,2.1999e-18,4.6513e-10,4.6513e-10,4.6513e-10,4.6513e-10,4.6513e-10,4.6513e-10,3.408e-16,1.1986e-24,1.5927e-15,1.5927e-15,1.5927e-15,1.5927e-15,6.9812e-10,7.0984e-10,6.3341e-05,7.0857e-10,2.9089e-15,1.1611e-09,1.1745e-09,9.4889e-05,1.1671e-09,4.9289e-15,4.8213e-10,4.93e-10,4.8644e-05,4.9394e-10,1.959e-15
1.1969e-06,5.038e-07,9.9809e-08,2.2172e-14,2.3531e-14,6.1642e-09,2.4132e-14,5.4023e-20,2.4897e-09,1.3465e-07,1.4667e-07,1.4659e-07,1.3402e-07,1.2532e-11,1.3696e-19,4.4758e-11,4.4757e-11,4.4757e-11,4.4757e-11,4.4757e-11,4.4758e-11,4.5761e-11,3.7347e-06,2.9274e-13,8.3278e-06,8.3278e-06,8.3278e-06,8.3278e-06,1.8267e-11,2.0123e-19,6.4682e-11,6.4682e-11,6.4682e-11,6.4682e-11,6.4682e-11,6.4682e-11,3.1424e-17,8.8923e-26,1.5511e-16,1.5511e-16,1.5511e-16,1.5511e-16,9.6409e-11,9.7935e-11,1.4905e-05,9.7747e-11,2.816e-16,1.6191e-10,1.6367e-10,2.2918e-05,1.6266e-10,4.797e-16,6.5828e-11,6.7232e-11,1.1162e-05,6.7336e-11,1.8841e-16
4.2381e-06,2.2029e-06,6.6644e-09,8.5616e-16,9.0916e-16,4.2753e-10,9.3257e-16,1.6984e-20,1.1898e-08,7.2374e-07,7.8677e-07,7.8634e-07,7.1999e-07,4.9103e-13,3.7161e-21,1.9197e-12,1.9197e-12,1.9197e-12,1.9197e-12,1.9197e-12,1.9197e-12,1.9636e-12,2.6735e-07,1.176e-14,6.8714e-07,6.8714e-07,6.8714e-07,6.8714e-07,7.1741e-13,5.4663e-21,2.7838e-12,2.7838e-12,2.7838e-12,2.7838e-12,2.7838e-12,2.7838e-12,1.1368e-17,7.1453e-26,4.6885e-17,4.6885e-17,4.6885e-17,4.6885e-17,4.1201e-12,4.1811e-12,1.2059e-06,4.1725e-12,7.9313e-17,6.9875e-12,7.0587e-12,1.9071e-06,7.016e-12,1.3373e-16,2.7803e-12,2.8359e-12,8.7743e-07,2.8392e-12,5.3702e-17
0.0028979,0.0015131,6.2391e-12,2.9267e-17,2.6456e-17,4.1151e-13,2.707e-17,2.5828e-17,6.7366e-06,0.00050026,0.0005418,0.00054145,0.0004972,1.5827e-14,1.4611e-22,5.9209e-14,5.9209e-14,5.9209e-14,5.9209e-14,5.9209e-14,5.9209e-14,6.0575e-14,2.6401e-10,7.0122e-18,7.6746e-10,7.6745e-10,7.6745e-10,7.6746e-10,2.28e-14,2.1182e-22,8.4737e-14,8.4736e-14,8.4736e-14,8.4736e-14,8.4736e-14,8.4736e-14,1.7246e-14,1.6065e-22,6.4026e-14,6.4026e-14,6.4026e-14,6.4026e-14,1.3079e-13,1.1777e-13,1.3272e-09,1.175e-13,1.0826e-13,2.2021e-13,1.9809e-13,2.1429e-09,1.9689e-13,1.8056e-13,8.9013e-14,8.0185e-14,9.4444e-10,8.0245e-14,7.4253e-14
0.024661,0.012877,1.5939e-12,7.0233e-16,6.3304e-16,1.031e-13,6.4762e-16,6.3027e-16,4.4267e-05,0.0042754,0.0046032,0.0045997,0.0042431,3.7346e-13,5.0724e-21,1.2713e-12,1.2713e-12,1.2713e-12,1.2713e-12,1.2713e-12,1.2713e-12,1.3001e-12,6.7124e-11,1.2891e-18,2.0976e-10,2.0976e-10,2.0976e-10,2.0976e-10,5.3664e-13,7.3445e-21,1.813e-12,1.813e-12,1.813e-12,1.813e-12,1.813e-12,1.813e-12,4.1415e-13,5.6352e-21,1.4021e-12,1.4021e-12,1.4021e-12,1.4021e-12,2.8238e-12,2.539e-12,3.5994e-10,2.5339e-12,2.3901e-12,4.7016e-12,4.224e-12,5.875e-10,4.1982e-12,3.9416e-12,1.9471e-12,1.7513e-12,2.5308e-10,1.7535e-12,1.6609e-12
0.003885,0.00089793,0.0019182,4.1685e-09,3.9436e-14,3.3853e-09,6.6923e-05,3.3457e-09,4.212e-14,1.6912e-12,1.8489e-12,1.8481e-12,1.6856e-12,2.5612e-11,1.7119e-19,1.02e-10,1.02e-10,1.02e-10,1.02e-10,1.02e-10,1.02e-10,1.044e-10,1.876e-06,7.5713e-14,4.8213e-06,4.8213e-06,4.8213e-06,4.8213e-06,0.042755,3.3883e-08,0.052431,0.052431,0.052432,0.052432,0.052432,0.052431,1.8778e-06,7.5761e-14,4.8198e-06,4.8198e-06,4.8198e-06,4.8198e-06,1.2329e-05,1.7079e-10,9.2421e-06,0.089884,9.2343e-06,1.9692e-05,2.8623e-10,1.4543e-05,0.11611,1.4558e-05,8.8981e-06,1.1667e-10,6.764e-06,0.078023,6.745e-06
0.00082598,0.0001909,0.00025154,2.381e-10,1.3249e-15,1.9389e-10,1.0034e-05,1.916e-10,1.6563e-13,7.177e-12,7.839e-12,7.8354e-12,7.1512e-12,8.7188e-13,4.1754e-21,3.7743e-12,3.7743e-12,3.7743e-12,3.7743e-12,3.7743e-12,3.7743e-12,3.8646e-12,1.1019e-07,2.6474e-15,3.2335e-07,3.2335e-07,3.2335e-07,3.2335e-07,0.006914,2.0011e-09,0.011148,0.011148,0.011148,0.011148,0.011148,0.011148,1.1028e-07,2.6489e-15,3.2319e-07,3.2319e-07,3.2319e-07,3.2319e-07,8.1735e-07,6.2768e-12,6.1107e-07,0.017674,6.1061e-07,1.334e-06,1.0612e-11,9.8386e-07,0.025165,9.8471e-07,5.7613e-07,4.2431e-12,4.3644e-07,0.014216,4.3534e-07
1.9263e-06,4.5946e-07,4.0691e-07,1.9133e-13,6.656e-19,1.5612e-13,1.7568e-08,1.5425e-13,1.7161e-10,8.4055e-09,9.1666e-09,9.162e-09,8.3718e-09,4.4294e-16,1.5642e-24,2.0683e-15,2.0682e-15,2.0682e-15,2.0682e-15,2.0682e-15,2.0683e-15,2.1182e-15,9.0538e-11,1.3835e-18,2.9757e-10,2.9757e-10,2.9757e-10,2.9757e-10,1.2807e-05,1.672e-12,2.5339e-05,2.5339e-05,2.5339e-05,2.5339e-05,2.5339e-05,2.5339e-05,9.0601e-11,1.3842e-18,2.9739e-10,2.9739e-10,2.9739e-10,2.9739e-10,7.4582e-10,3.4202e-15,5.5643e-10,3.8369e-05,5.5605e-10,1.2365e-09,5.8245e-15,9.1111e-10,5.778e-05,9.1179e-10,5.1637e-10,2.2917e-15,3.9006e-10,2.9346e-05,3.8916e-10
1.2602e-06,5.2657e-07,8.1522e-08,2.4106e-14,6.0471e-20,1.9695e-14,3.6606e-09,1.9459e-14,2.466e-09,1.3907e-07,1.5136e-07,1.5128e-07,1.3844e-07,4.0489e-17,1.1408e-25,2.0002e-16,2.0001e-16,2.0001e-16,2.0001e-16,2.0001e-16,2.0002e-16,2.0488e-16,1.1579e-11,1.2637e-19,4.1227e-11,4.1227e-11,4.1227e-11,4.1227e-11,2.7523e-06,2.1767e-13,6.0967e-06,6.0966e-06,6.0966e-06,6.0966e-06,6.0966e-06,6.0966e-06,1.1586e-11,1.2644e-19,4.1199e-11,4.1199e-11,4.1199e-11,4.1199e-11,1.0278e-10,3.3081e-16,7.6576e-11,9.0363e-06,7.6526e-11,1.7208e-10,5.6628e-16,1.2672e-10,1.3964e-05,1.268e-10,7.0344e-11,2.2026e-16,5.3036e-11,6.7396e-06,5.2921e-11
4.3737e-06,2.2728e-06,5.4261e-09,9.2938e-16,1.7775e-20,7.6033e-16,2.5363e-10,7.5114e-16,1.1785e-08,7.4694e-07,8.1134e-07,8.1085e-07,7.4316e-07,1.0902e-17,6.7289e-26,4.549e-17,4.549e-17,4.549e-17,4.549e-17,4.549e-17,4.549e-17,4.6562e-17,4.5347e-13,3.428e-21,1.7676e-12,1.7676e-12,1.7676e-12,1.7676e-12,1.9761e-07,8.7536e-15,5.054e-07,5.0539e-07,5.0539e-07,5.0539e-07,5.0539e-07,5.0539e-07,4.5372e-13,3.4296e-21,1.7663e-12,1.7663e-12,1.7663e-12,1.7663e-12,4.3826e-12,8.8025e-17,3.2607e-12,7.3182e-07,3.2588e-12,7.4113e-12,1.4954e-16,5.4542e-12,1.1628e-06,5.4575e-12,2.9642e-12,5.9214e-17,2.2302e-12,5.304e-07,2.2257e-12
0.002985,0.0015586,5.0679e-12,3.0313e-17,2.6851e-17,2.7018e-17,2.4395e-13,2.7183e-17,6.6734e-06,0.00051555,0.00055796,0.00055757,0.00051246,1.6091e-14,1.4986e-22,6.0026e-14,6.0026e-14,6.0026e-14,6.0026e-14,6.0026e-14,6.0026e-14,6.1411e-14,1.8122e-14,1.6799e-22,6.7453e-14,6.7453e-14,6.7453e-14,6.7453e-14,1.9557e-10,5.224e-18,5.664e-10,5.6639e-10,5.6639e-10,5.6639e-10,5.6639e-10,5.6639e-10,1.8126e-14,1.6803e-22,6.7403e-14,6.7403e-14,6.7403e-14,6.7403e-14,1.3538e-13,1.1917e-13,1.1407e-13,8.0614e-10,1.1413e-13,2.2792e-13,2.0039e-13,1.9039e-13,1.3073e-09,1.9039e-13,9.2144e-14,8.1168e-14,7.8166e-14,5.7151e-10,7.8264e-14
0.02535,0.013236,1.3027e-12,7.2655e-16,6.5501e-16,6.4852e-16,6.1166e-14,6.526e-16,4.3863e-05,0.0043965,0.0047309,0.0047269,0.004364,3.8639e-13,5.2564e-21,1.3148e-12,1.3147e-12,1.3147e-12,1.3147e-12,1.3147e-12,1.3147e-12,1.3445e-12,4.2869e-13,5.8415e-21,1.4521e-12,1.4521e-12,1.4521e-12,1.4521e-12,4.9842e-11,9.6164e-19,1.5528e-10,1.5528e-10,1.5528e-10,1.5528e-10,1.5528e-10,1.5528e-10,4.2879e-13,5.8427e-21,1.4511e-12,1.4511e-12,1.4511e-12,1.4511e-12,2.9198e-12,2.6258e-12,2.4721e-12,2.1901e-10,2.4737e-12,4.8613e-12,4.3681e-12,4.0794e-12,3.5899e-10,4.0793e-12,2.0135e-12,1.8113e-12,1.7168e-12,1.5343e-10,1.7192e-12
0.0036344,0.00083997,0.0020726,6.2245e-09,6.5537e-05,3.9552e-09,5.6478e-14,3.9293e-09,4.2436e-14,1.6922e-12,1.8499e-12,1.8491e-12,1.6865e-12,0.031206,2.3725e-08,0.039671,0.039671,0.039671,0.039671,0.039671,0.03967,0.040176,2.0441e-06,8.2768e-14,5.2596e-06,5.2596e-06,5.2596e-06,5.2596e-06,4.085e-11,2.7521e-19,1.6215e-10,1.6215e-10,1.6215e-10,1.6215e-10,1.6215e-10,1.6215e-10,2.0462e-06,8.2822e-14,5.2589e-06,5.2589e-06,5.2589e-06,5.2589e-06,1.8633e-05,0.089539,1.015e-05,2.3926e-10,1.0148e-05,2.9842e-05,0.11662,1.5796e-05,4.0005e-10,1.5811e-05,1.3421e-05,0.077317,7.5141e-06,1.6389e-10,7.5032e-06
0.00074959,0.00017324,0.0002731,3.5773e-10,9.8186e-06,2.2702e-10,1.9018e-15,2.2552e-10,1.6679e-13,7.178e-12,7.8398e-12,7.8363e-12,7.1521e-12,0.0049546,1.3961e-09,0.0081768,0.0081768,0.0081768,0.0081768,0.0081768,0.0081768,0.0083127,1.2021e-07,2.8954e-15,3.5316e-07,3.5316e-07,3.5316e-07,3.5316e-07,1.3938e-12,6.7205e-21,6.0173e-12,6.0173e-12,6.0173e-12,6.0173e-12,6.0173e-12,6.0173e-12,1.2031e-07,2.8971e-15,3.5304e-07,3.5304e-07,3.5304e-07,3.5304e-07,1.2458e-06,0.017643,6.7137e-07,8.8149e-12,6.712e-07,2.0389e-06,0.025298,1.0706e-06,1.4872e-11,1.0714e-06,8.7628e-07,0.01412,4.8455e-07,5.9736e-12,4.8391e-07
1.7245e-06,4.1283e-07,4.4317e-07,2.8881e-13,1.7184e-08,1.831e-13,9.5721e-19,1.8187e-13,1.728e-10,8.4069e-09,9.1676e-09,9.1631e-09,8.373e-09,9.0806e-06,1.1632e-12,1.8271e-05,1.8271e-05,1.8271e-05,1.8271e-05,1.8271e-05,1.8271e-05,1.8616e-05,9.8856e-11,1.5138e-18,3.2528e-10,3.2528e-10,3.2528e-10,3.2528e-10,7.0946e-16,2.5203e-24,3.3051e-15,3.305e-15,3.305e-15,3.305e-15,3.305e-15,3.305e-15,9.8929e-11,1.5146e-18,3.2513e-10,3.2513e-10,3.2513e-10,3.2513e-10,1.1439e-09,3.8352e-05,6.1149e-10,4.8128e-15,6.1133e-10,1.9018e-09,5.8105e-05,9.927e-10,8.1804e-15,9.9332e-10,7.9033e-10,2.9197e-05,4.3281e-10,3.2323e-15,4.3228e-10
1.2088e-06,5.1472e-07,8.893e-08,3.65e-14,3.5797e-09,2.3124e-14,8.6398e-20,2.2969e-14,2.4827e-09,1.391e-07,1.5138e-07,1.513e-07,1.3847e-07,1.9415e-06,1.5116e-13,4.3624e-06,4.3624e-06,4.3624e-06,4.3624e-06,4.3624e-06,4.3624e-06,4.4491e-06,1.265e-11,1.3831e-19,4.509e-11,4.509e-11,4.509e-11,4.509e-11,6.4781e-17,1.8314e-25,3.1945e-16,3.1944e-16,3.1944e-16,3.1944e-16,3.1944e-16,3.1944e-16,1.2659e-11,1.3838e-19,4.5065e-11,4.5065e-11,4.5065e-11,4.5065e-11,1.5826e-10,9.0378e-06,8.4163e-11,4.6263e-16,8.4142e-11,2.6569e-10,1.4044e-05,1.3818e-10,7.9052e-16,1.3825e-10,1.081e-10,6.7114e-06,5.8822e-11,3.0868e-16,5.8754e-11
4.37e-06,2.2722e-06,5.9292e-09,1.4116e-15,2.4797e-10,8.9367e-16,1.8833e-20,8.8765e-16,1.1863e-08,7.4711e-07,8.1147e-07,8.1099e-07,7.4331e-07,1.3865e-07,6.0672e-15,3.5868e-07,3.5868e-07,3.5868e-07,3.5868e-07,3.5868e-07,3.5868e-07,3.662e-07,4.9571e-13,3.753e-21,1.9343e-12,1.9343e-12,1.9343e-12,1.9343e-12,1.59e-17,9.7989e-26,6.6185e-17,6.6185e-17,6.6185e-17,6.6185e-17,6.6185e-17,6.6185e-17,4.96e-13,3.7547e-21,1.933e-12,1.933e-12,1.933e-12,1.933e-12,6.7759e-12,7.3243e-07,3.5842e-12,9.1546e-17,3.5834e-12,1.1488e-11,1.1696e-06,5.9523e-12,1.5508e-16,5.9552e-12,4.5737e-12,5.2873e-07,2.4722e-12,6.1707e-17,2.4696e-12
0.0029857,0.001559,5.5448e-12,3.0594e-17,2.3847e-13,2.7097e-17,2.7476e-17,2.7264e-17,6.7161e-06,0.00051569,0.00055807,0.00055769,0.0005126,1.3667e-10,3.6151e-18,3.9958e-10,3.9958e-10,3.9958e-10,3.9958e-10,3.9958e-10,3.9958e-10,4.0829e-10,1.8148e-14,1.6814e-22,6.7567e-14,6.7566e-14,6.7566e-14,6.7566e-14,2.3175e-14,2.1723e-22,8.5887e-14,8.5886e-14,8.5886e-14,8.5886e-14,8.5886e-14,8.5886e-14,1.8152e-14,1.6818e-22,6.7516e-14,6.7516e-14,6.7516e-14,6.7516e-14,1.3691e-13,8.0722e-10,1.1428e-13,1.1891e-13,1.1435e-13,2.3054e-13,1.3151e-09,1.9073e-13,1.9919e-13,1.9073e-13,9.3161e-14,5.7018e-10,7.8324e-14,8.1239e-14,7.8424e-14
0.025358,0.01324,1.4198e-12,7.2667e-16,5.9774e-14,6.4861e-16,6.7018e-16,6.527e-16,4.4127e-05,0.0043981,0.0047322,0.0047283,0.0043655,3.4749e-11,6.6467e-19,1.0918e-10,1.0918e-10,1.0918e-10,1.0918e-10,1.0918e-10,1.0918e-10,1.1161e-10,4.2875e-13,5.842e-21,1.4523e-12,1.4523e-12,1.4523e-12,1.4523e-12,5.553e-13,7.6115e-21,1.8752e-12,1.8752e-12,1.8752e-12,1.8752e-12,1.8752e-12,1.8752e-12,4.2885e-13,5.8433e-21,1.4513e-12,1.4513e-12,1.4513e-12,1.4513e-12,2.9205e-12,2.1932e-10,2.4725e-12,2.6209e-12,2.4741e-12,4.8624e-12,3.6105e-10,4.08e-12,4.3421e-12,4.08e-12,2.0139e-12,1.5311e-10,1.717e-12,1.8138e-12,1.7194e-12
0.0036708,0.0008423,0.0023063,4.0017e-09,4.2301e-09,3.558e-14,4.3075e-09,0.00011235,4.2528e-14,1.6346e-12,1.7888e-12,1.7881e-12,1.629e-12,2.0283e-06,8.2029e-14,5.2419e-06,5.2419e-06,5.2419e-06,5.2419e-06,5.2419e-06,5.2419e-06,5.3468e-06,1.9772e-11,1.3141e-19,7.899e-11,7.8989e-11,7.8989e-11,7.8989e-11,2.9228e-06,1.1993e-13,7.4426e-06,7.4425e-06,7.4425e-06,7.4425e-06,7.4425e-06,7.4425e-06,0.059166,4.5796e-08,0.073928,0.073928,0.073928,0.073928,1.1525e-05,1.1761e-05,1.4578e-10,1.1736e-05,0.14898,1.8346e-05,1.8605e-05,2.4267e-10,1.8478e-05,0.19123,8.3557e-06,8.5792e-06,1.0028e-10,8.5923e-06,0.12983
0.00076671,0.00017593,0.00030528,2.2937e-10,2.4278e-10,1.195e-15,2.4733e-10,1.6925e-05,1.672e-13,6.9378e-12,7.5852e-12,7.582e-12,6.9123e-12,1.1924e-07,2.8692e-15,3.5168e-07,3.5168e-07,3.5168e-07,3.5168e-07,3.5168e-07,3.5168e-07,3.5906e-07,6.718e-13,3.2019e-21,2.9159e-12,2.9159e-12,2.9159e-12,2.9159e-12,1.7267e-07,4.2028e-15,5.0313e-07,5.0312e-07,5.0312e-07,5.0312e-07,5.0312e-07,5.0312e-07,0.0094699,2.6991e-09,0.015444,0.015444,0.015444,0.015444,7.6685e-07,7.8106e-07,5.3499e-12,7.793e-07,0.029251,1.2483e-06,1.2641e-06,8.9879e-12,1.2559e-06,0.041378,5.4268e-07,5.5604e-07,3.6401e-12,5.5661e-07,0.023644
1.7729e-06,4.2066e-07,4.9676e-07,1.8481e-13,1.958e-13,6.0015e-19,1.9952e-13,2.9713e-08,1.7323e-10,8.1308e-09,8.8753e-09,8.8713e-09,8.0975e-09,9.8034e-11,1.4999e-18,3.2372e-10,3.2372e-10,3.2372e-10,3.2372e-10,3.2372e-10,3.2372e-10,3.3076e-10,3.4077e-16,1.1985e-24,1.5947e-15,1.5947e-15,1.5947e-15,1.5947e-15,1.4248e-10,2.2005e-18,4.6571e-10,4.6571e-10,4.6571e-10,4.6571e-10,4.6571e-10,4.6571e-10,1.7437e-05,2.2517e-12,3.4759e-05,3.4759e-05,3.4759e-05,3.4759e-05,7.0163e-10,7.1358e-10,2.9115e-15,7.1188e-10,6.3405e-05,1.1608e-09,1.1744e-09,4.9287e-15,1.1669e-09,9.4889e-05,4.8751e-10,4.9864e-10,1.963e-15,4.9896e-10,4.874e-05
1.1965e-06,5.038e-07,9.9826e-08,2.3326e-14,2.4728e-14,5.4603e-20,2.5203e-14,6.199e-09,2.4892e-09,1.3464e-07,1.4667e-07,1.4659e-07,1.3402e-07,1.2543e-11,1.3704e-19,4.4857e-11,4.4857e-11,4.4857e-11,4.4857e-11,4.4857e-11,4.4857e-11,4.5853e-11,3.1422e-17,8.8914e-26,1.5531e-16,1.5531e-16,1.5531e-16,1.5531e-16,1.8273e-11,2.0128e-19,6.4755e-11,6.4754e-11,6.4754e-11,6.4754e-11,6.4754e-11,6.4754e-11,3.7364e-06,2.9283e-13,8.3256e-06,8.3256e-06,8.3256e-06,8.3256e-06,9.6853e-11,9.8409e-11,2.8183e-16,9.8166e-11,1.4919e-05,1.6187e-10,1.6365e-10,4.7968e-16,1.6264e-10,2.2918e-05,6.6509e-11,6.7947e-11,1.8875e-16,6.7973e-11,1.1183e-05
4.238e-06,2.2029e-06,6.6655e-09,9.0093e-16,9.5565e-16,1.6898e-20,9.7418e-16,4.3005e-10,1.1896e-08,7.2373e-07,7.8677e-07,7.8634e-07,7.1999e-07,4.9143e-13,3.7183e-21,1.9235e-12,1.9235e-12,1.9235e-12,1.9235e-12,1.9235e-12,1.9235e-12,1.9671e-12,1.1366e-17,7.144e-26,4.6924e-17,4.6924e-17,4.6924e-17,4.6924e-17,7.1764e-13,5.4675e-21,2.7866e-12,2.7866e-12,2.7866e-12,2.7866e-12,2.7866e-12,2.7866e-12,2.6744e-07,1.1763e-14,6.8685e-07,6.8685e-07,6.8685e-07,6.8685e-07,4.1373e-12,4.1994e-12,7.928e-17,4.1887e-12,1.2069e-06,6.986e-12,7.0581e-12,1.3373e-16,7.0151e-12,1.9071e-06,2.8067e-12,2.8637e-12,5.3651e-17,2.8639e-12,8.7894e-07
0.0028979,0.0015131,6.24e-12,2.9292e-17,2.6482e-17,2.5663e-17,2.7093e-17,4.1402e-13,6.7354e-06,0.00050026,0.00054179,0.00054145,0.0004972,1.5827e-14,1.4611e-22,5.9211e-14,5.9211e-14,5.9211e-14,5.9211e-14,5.9211e-14,5.9211e-14,6.0577e-14,1.7243e-14,1.6062e-22,6.4074e-14,6.4074e-14,6.4074e-14,6.4074e-14,2.28e-14,2.1182e-22,8.4738e-14,8.4737e-14,8.4737e-14,8.4737e-14,8.4737e-14,8.4737e-14,2.6409e-10,7.0139e-18,7.6704e-10,7.6704e-10,7.6704e-10,7.6704e-10,1.308e-13,1.1778e-13,1.0819e-13,1.1751e-13,1.3282e-09,2.2021e-13,1.9809e-13,1.8056e-13,1.9688e-13,2.1428e-09,8.9028e-14,8.0201e-14,7.4155e-14,8.0259e-14,9.4594e-10
0.024661,0.012877,1.5942e-12,7.0233e-16,6.3304e-16,6.2632e-16,6.4763e-16,1.0374e-13,4.4259e-05,0.0042753,0.0046032,0.0045997,0.0042431,3.7346e-13,5.0724e-21,1.2713e-12,1.2713e-12,1.2713e-12,1.2713e-12,1.2713e-12,1.2713e-12,1.3001e-12,4.1405e-13,5.6339e-21,1.403e-12,1.403e-12,1.403e-12,1.403e-12,5.3664e-13,7.3445e-21,1.813e-12,1.813e-12,1.813e-12,1.813e-12,1.813e-12,1.813e-12,6.7143e-11,1.2894e-18,2.0964e-10,2.0964e-10,2.0964e-10,2.0964e-10,2.8238e-12,2.539e-12,2.3885e-12,2.5339e-12,3.602e-10,4.7016e-12,4.2239e-12,3.9416e-12,4.1982e-12,5.875e-10,1.9471e-12,1.7513e-12,1.6586e-12,1.7535e-12,2.5346e-10
0.48475,6.2215e-07,2.6356e-19,2.9822e-21,2.6845e-21,2.6546e-21,2.7471e-21,2.672e-21,3.4936e-09,2.0465e-07,2.2322e-07,2.2309e-07,2.037e-07,1.6445e-18,8.5155e-27,7.0524e-18,7.0524e-18,7.0524e-18,7.0524e-18,7.0524e-18,7.0524e-18,7.2192e-18,1.8245e-18,9.4577e-27,7.794e-18,7.794e-18,7.794e-18,7.794e-18,2.3754e-18,1.2363e-26,1.0132e-17,1.0132e-17,1.0132e-17,1.0132e-17,1.0132e-17,1.0132e-17,1.8248e-18,9.4593e-27,7.7875e-18,7.7875e-18,7.7875e-18,7.7875e-18,1.5507e-17,1.3891e-17,1.302e-17,1.3855e-17,1.3026e-17,2.6473e-17,2.3691e-17,2.205e-17,2.3546e-17,2.205e-17,1.0378e-17,9.3009e-18,8.7674e-18,9.3017e-18,8.7777e-18
0.11752,2.1325e-06,1.4963e-18,1.6795e-20,1.512e-20,1.4952e-20,1.5471e-20,1.5049e-20,1.0963e-08,7.0225e-07,7.6478e-07,7.643e-07,6.9873e-07,9.1835e-18,6.0439e-26,3.727e-17,3.727e-17,3.727e-17,3.727e-17,3.727e-17,3.727e-17,3.8143e-17,1.0186e-17,6.7118e-26,4.1173e-17,4.1173e-17,4.1173e-17,4.1173e-17,1.325e-17,8.7687e-26,5.3461e-17,5.3461e-17,5.3461e-17,5.3461e-17,5.3461e-17,5.3461e-17,1.0188e-17,6.713e-26,4.114e-17,4.114e-17,4.114e-17,4.114e-17,8.2145e-17,7.3628e-17,6.9059e-17,7.3445e-17,6.9096e-17,1.3949e-16,1.2491e-16,1.1631e-16,1.2414e-16,1.1631e-16,5.5333e-17,4.962e-17,4.6818e-17,4.9637e-17,4.6875e-17
0.0030883,0.0014608,2.5014e-15,2.772e-17,2.4957e-17,2.468e-17,2.5535e-17,2.4838e-17,6.1753e-06,0.00048236,0.00052336,0.00052297,0.0004795,1.4957e-14,1.3902e-22,5.5827e-14,5.5826e-14,5.5826e-14,5.5826e-14,5.5826e-14,5.5826e-14,5.7115e-14,1.6582e-14,1.5435e-22,6.1632e-14,6.1632e-14,6.1632e-14,6.1632e-14,2.154e-14,2.015e-22,7.9871e-14,7.9871e-14,7.9871e-14,7.9871e-14,7.9871e-14,7.9871e-14,1.6586e-14,1.5438e-22,6.1587e-14,6.1587e-14,6.1587e-14,6.1587e-14,1.2353e-13,1.1083e-13,1.0407e-13,1.1058e-13,1.0413e-13,2.0792e-13,1.8637e-13,1.7368e-13,1.8524e-13,1.7368e-13,8.4097e-14,7.5482e-14,7.1327e-14,7.554e-14,7.1421e-14
0.023945,0.012442,6.2014e-14,6.7664e-16,6.0924e-16,6.0248e-16,6.2329e-16,6.0627e-16,4.0794e-05,0.0041259,0.0044506,0.0044467,0.0040957,3.5944e-13,4.8781e-21,1.2238e-12,1.2238e-12,1.2238e-12,1.2238e-12,1.2238e-12,1.2238e-12,1.2515e-12,3.9831e-13,5.4149e-21,1.35e-12,1.35e-12,1.35e-12,1.35e-12,5.1651e-13,7.0633e-21,1.7453e-12,1.7453e-12,1.7453e-12,1.7453e-12,1.7453e-12,1.7453e-12,3.984e-13,5.4161e-21,1.3491e-12,1.3491e-12,1.3491e-12,1.3491e-12,2.7211e-12,2.4441e-12,2.2982e-12,2.4392e-12,2.2997e-12,4.5307e-12,4.0661e-12,3.7927e-12,4.0414e-12,3.7926e-12,1.8762e-12,1.6858e-12,1.5958e-12,1.6879e-12,1.5981e-12
0.48475,6.2406e-07,2.6446e-19,2.9913e-21,2.694e-21,2.664e-21,2.7567e-21,2.6815e-21,3.4915e-09,2.053e-07,2.2389e-07,2.2376e-07,2.0436e-07,1.6503e-18,8.5462e-27,7.0769e-18,7.0769e-18,7.0769e-18,7.0769e-18,7.0769e-18,7.0769e-18,7.2443e-18,1.8309e-18,9.4921e-27,7.8215e-18,7.8215e-18,7.8215e-18,7.8215e-18,2.3837e-18,1.2407e-26,1.0167e-17,1.0167e-17,1.0167e-17,1.0167e-17,1.0167e-17,1.0167e-17,1.8312e-18,9.4938e-27,7.815e-18,7.815e-18,7.815e-18,7.815e-18,1.5554e-17,1.3939e-17,1.3065e-17,1.3903e-17,1.3072e-17,2.6552e-17,2.3773e-17,2.2128e-17,2.3628e-17,2.2128e-17,1.0409e-17,9.3333e-18,8.7983e-18,9.3341e-18,8.8086e-18
0.11752,2.1389e-06,1.5013e-18,1.6846e-20,1.5173e-20,1.5004e-20,1.5525e-20,1.5102e-20,1.0956e-08,7.0447e-07,7.6704e-07,7.6656e-07,7.0095e-07,9.2155e-18,6.0656e-26,3.7398e-17,3.7398e-17,3.7398e-17,3.7398e-17,3.7398e-17,3.7398e-17,3.8275e-17,1.0222e-17,6.7361e-26,4.1317e-17,4.1317e-17,4.1317e-17,4.1317e-17,1.3296e-17,8.8001e-26,5.3646e-17,5.3645e-17,5.3645e-17,5.3645e-17,5.3645e-17,5.3645e-17,1.0224e-17,6.7373e-26,4.1284e-17,4.1284e-17,4.1284e-17,4.1284e-17,8.2391e-17,7.3882e-17,6.93e-17,7.3699e-17,6.9338e-17,1.3991e-16,1.2534e-16,1.1672e-16,1.2457e-16,1.1672e-16,5.5499e-17,4.9791e-17,4.6982e-17,4.9809e-17,4.7039e-17
0.0030964,0.001465,2.5097e-15,2.7803e-17,2.5043e-17,2.4766e-17,2.5623e-17,2.4925e-17,6.1715e-06,0.00048382,0.00052484,0.00052446,0.00048095,1.5008e-14,1.3951e-22,5.6017e-14,5.6017e-14,5.6017e-14,5.6017e-14,5.6017e-14,5.6017e-14,5.731e-14,1.664e-14,1.549e-22,6.1845e-14,6.1845e-14,6.1845e-14,6.1845e-14,2.1614e-14,2.0222e-22,8.0144e-14,8.0143e-14,8.0143e-14,8.0143e-14,8.0143e-14,8.0143e-14,1.6644e-14,1.5493e-22,6.1799e-14,6.1799e-14,6.1799e-14,6.1799e-14,1.239e-13,1.1121e-13,1.0443e-13,1.1096e-13,1.0449e-13,2.0854e-13,1.8701e-13,1.7428e-13,1.8587e-13,1.7428e-13,8.4346e-14,7.574e-14,7.1574e-14,7.5798e-14,7.1668e-14
0.024009,0.012476,6.2218e-14,6.7864e-16,6.1132e-16,6.0456e-16,6.2542e-16,6.0836e-16,4.077e-05,0.0041375,0.0044624,0.0044585,0.0041073,3.6066e-13,4.8954e-21,1.2279e-12,1.2279e-12,1.2279e-12,1.2279e-12,1.2279e-12,1.2279e-12,1.2557e-12,3.9968e-13,5.4343e-21,1.3546e-12,1.3546e-12,1.3546e-12,1.3546e-12,5.1826e-13,7.0883e-21,1.7512e-12,1.7512e-12,1.7512e-12,1.7512e-12,1.7512e-12,1.7512e-12,3.9977e-13,5.4355e-21,1.3537e-12,1.3537e-12,1.3537e-12,1.3537e-12,2.729e-12,2.4523e-12,2.306e-12,2.4474e-12,2.3075e-12,4.5439e-12,4.0798e-12,3.8056e-12,4.055e-12,3.8055e-12,1.8817e-12,1.6915e-12,1.6012e-12,1.6936e-12,1.6035e-12
0.48475,6.2406e-07,2.6446e-19,2.9913e-21,2.694e-21,2.664e-21,2.7567e-21,2.6815e-21,3.4915e-09,2.053e-07,2.2389e-07,2.2376e-07,2.0436e-07,1.6503e-18,8.5462e-27,7.0769e-18,7.0769e-18,7.0769e-18,7.0769e-18,7.0769e-18,7.0769e-18,7.2443e-18,1.8309e-18,9.4921e-27,7.8215e-18,7.8215e-18,7.8215e-18,7.8215e-18,2.3837e-18,1.2407e-26,1.0167e-17,1.0167e-17,1.0167e-17,1.0167e-17,1.0167e-17,1.0167e-17,1.8312e-18,9.4938e-27,7.815e-18,7.815e-18,7.815e-18,7.815e-18,1.5554e-17,1.3939e-17,1.3065e-17,1.3903e-17,1.3072e-17,2.6552e-17,2.3773e-17,2.2128e-17,2.3628e-17,2.2128e-17,1.0409e-17,9.3333e-18,8.7983e-18,9.3341e-18,8.8086e-18
0.11752,2.1389e-06,1.5013e-18,1.6846e-20,1.5173e-20,1.5004e-20,1.5525e-20,1.5102e-20,1.0956e-08,7.0447e-07,7.6704e-07,7.6656e-07,7.0095e-07,9.2155e-18,6.0656e-26,3.7398e-17,3.7398e-17,3.7398e-17,3.7398e-17,3.7398e-17,3.7398e-17,3.8275e-17,1.0222e-17,6.7361e-26,4.1317e-17,4.1317e-17,4.1317e-17,4.1317e-17,1.3296e-17,8.8001e-26,5.3646e-17,5.3645e-17,5.3645e-17,5.3645e-17,5.3645e-17,5.3645e-17,1.0224e-17,6.7373e-26,4.1284e-17,4.1284e-17,4.1284e-17,4.1284e-17,8.2391e-17,7.3882e-17,6.93e-17,7.3699e-17,6.9338e-17,1.3991e-16,1.2534e-16,1.1672e-16,1.2457e-16,1.1672e-16,5.5499e-17,4.9791e-17,4.6982e-17,4.9809e-17,4.7039e-17
0.0030964,0.001465,2.5097e-15,2.7803e-17,2.5043e-17,2.4766e-17,2.5623e-17,2.4925e-17,6.1715e-06,0.00048382,0.00052484,0.00052446,0.00048095,1.5008e-14,1.3951e-22,5.6017e-14,5.6017e-14,5.6017e-14,5.6017e-14,5.6017e-14,5.6017e-14,5.731e-14,1.664e-14,1.549e-22,6.1845e-14,6.1845e-14,6.1845e-14,6.1845e-14,2.1614e-14,2.0222e-22,8.0144e-14,8.0143e-14,8.0143e-14,8.0143e-14,8.0143e-14,8.0143e-14,1.6644e-14,1.5493e-22,6.1799e-14,6.1799e-14,6.1799e-14,6.1799e-14,1.239e-13,1.1121e-13,1.0443e-13,1.1096e-13,1.0449e-13,2.0854e-13,1.8701e-13,1.7428e-13,1.8587e-13,1.7428e-13,8.4346e-14,7.574e-14,7.1574e-14,7.5798e-14,7.1668e-14
0.024009,0.012476,6.2218e-14,6.7864e-16,6.1132e-16,6.0456e-16,6.2542e-16,6.0836e-16,4.077e-05,0.0041375,0.0044624,0.0044585,0.0041073,3.6066e-13,4.8954e-21,1.2279e-12,1.2279e-12,1.2279e-12,1.2279e-12,1.2279e-12,1.2279e-12,1.2557e-12,3.9968e-13,5.4343e-21,1.3546e-12,1.3546e-12,1.3546e-12,1.3546e-12,5.1826e-13,7.0883e-21,1.7512e-12,1.7512e-12,1.7512e-12,1.7512e-12,1.7512e-12,1.7512e-12,3.9977e-13,5.4355e-21,1.3537e-12,1.3537e-12,1.3537e-12,1.3537e-12,2.729e-12,2.4523e-12,2.306e-12,2.4474e-12,2.3075e-12,4.5439e-12,4.0798e-12,3.8056e-12,4.055e-12,3.8055e-12,1.8817e-12,1.6915e-12,1.6012e-12,1.6936e-12,1.6035e-12
0.48475,6.2215e-07,2.6356e-19,2.9822e-21,2.6845e-21,2.6546e-21,2.7471e-21,2.672e-21,3.4936e-09,2.0465e-07,2.2322e-07,2.2309e-07,2.037e-07,1.6445e-18,8.5155e-27,7.0524e-18,7.0524e-18,7.0524e-18,7.0524e-18,7.0524e-18,7.0524e-18,7.2192e-18,1.8245e-18,9.4577e-27,7.794e-18,7.794e-18,7.794e-18,7.794e-18,2.3754e-18,1.2363e-26,1.0132e-17,1.0132e-17,1.0132e-17,1.0132e-17,1.0132e-17,1.0132e-17,1.8248e-18,9.4593e-27,7.7875e-18,7.7875e-18,7.7875e-18,7.7875e-18,1.5507e-17,1.3891e-17,1.302e-17,1.3855e-17,1.3026e-17,2.6473e-17,2.3691e-17,2.205e-17,2.3546e-17,2.205e-17,1.0378e-17,9.3009e-18,8.7674e-18,9.3017e-18,8.7777e-18
0.11752,2.1325e-06,1.4963e-18,1.6795e-20,1.512e-20,1.4952e-20,1.5471e-20,1.5049e-20,1.0963e-08,7.0225e-07,7.6478e-07,7.643e-07,6.9873e-07,9.1835e-18,6.0439e-26,3.727e-17,3.727e-17,3.727e-17,3.727e-17,3.727e-17,3.727e-17,3.8143e-17,1.0186e-17,6.7118e-26,4.1173e-17,4.1173e-17,4.1173e-17,4.1173e-17,1.325e-17,8.7687e-26,5.3461e-17,5.3461e-17,5.3461e-17,5.3461e-17,5.3461e-17,5.3461e-17,1.0188e-17,6.713e-26,4.114e-17,4.114e-17,4.114e-17,4.114e-17,8.2145e-17,7.3628e-17,6.9059e-17,7.3445e-17,6.9096e-17,1.3949e-16,1.2491e-16,1.1631e-16,1.2414e-16,1.1631e-16,5.5333e-17,4.962e-17,4.6818e-17,4.9637e-17,4.6875e-17
0.0030883,0.0014608,2.5014e-15,2.772e-17,2.4957e-17,2.468e-17,2.5535e-17,2.4838e-17,6.1753e-06,0.00048236,0.00052336,0.00052297,0.0004795,1.4957e-14,1.3902e-22,5.5827e-14,5.5826e-14,5.5826e-14,5.5826e-14,5.5826e-14,5.5826e-14,5.7115e-14,1.6582e-14,1.5435e-22,6.1632e-14,6.1632e-14,6.1632e-14,6.1632e-14,2.154e-14,2.015e-22,7.9871e-14,7.9871e-14,7.9871e-14,7.9871e-14,7.9871e-14,7.9871e-14,1.6586e-14,1.5438e-22,6.1587e-14,6.1587e-14,6.1587e-14,6.1587e-14,1.2353e-13,1.1083e-13,1.0407e-13,1.1058e-13,1.0413e-13,2.0792e-13,1.8637e-13,1.7368e-13,1.8524e-13,1.7368e-13,8.4097e-14,7.5482e-14,7.1327e-14,7.554e-14,7.1421e-14
0.023945,0.012442,6.2014e-14,6.7664e-16,6.0924e-16,6.0248e-16,6.2329e-16,6.0627e-16,4.0794e-05,0.0041259,0.0044506,0.0044467,0.0040957,3.5944e-13,4.8781e-21,1.2238e-12,1.2238e-12,1.2238e-12,1.2238e-12,1.2238e-12,1.2238e-12,1.2515e-12,3.9831e-13,5.4149e-21,1.35e-12,1.35e-12,1.35e-12,1.35e-12,5.1651e-13,7.0633e-21,1.7453e-12,1.7453e-12,1.7453e-12,1.7453e-12,1.7453e-12,1.7453e-12,3.984e-13,5.4161e-21,1.3491e-12,1.3491e-12,1.3491e-12,1.3491e-12,2.7211e-12,2.4441e-12,2.2982e-12,2.4392e-12,2.2997e-12,4.5307e-12,4.0661e-12,3.7927e-12,4.0414e-12,3.7926e-12,1.8762e-12,1.6858e-12,1.5958e-12,1.6879e-12,1.5981e-12
0.35149,0.1876,4.3063e-15,4.7624e-17,4.2933e-17,4.2501e-17,4.3926e-17,4.2773e-17,9.9604e-06,0.38016,0.00081744,0.00081693,0.00075125,2.5707e-14,2.4367e-22,9.5388e-14,9.5388e-14,9.5388e-14,9.5388e-14,9.5388e-14,9.5388e-14,9.7587e-14,2.853e-14,2.7083e-22,1.0541e-13,1.0541e-13,1.0541e-13,1.0541e-13,3.7016e-14,3.5318e-22,1.3644e-13,1.3644e-13,1.3644e-13,1.3644e-13,1.3644e-13,1.3644e-13,2.8536e-14,2.7088e-22,1.0534e-13,1.0534e-13,1.0534e-13,1.0534e-13,2.1086e-13,1.8944e-13,1.7809e-13,1.8901e-13,1.7819e-13,3.5468e-13,3.1836e-13,2.9701e-13,3.1641e-13,2.97e-13,1.4366e-13,1.2912e-13,1.2215e-13,1.2922e-13,1.2231e-13
0.17248,0.091922,2.7271e-14,2.9807e-16,2.6872e-16,2.6602e-16,2.7492e-16,2.677e-16,2.7604e-05,0.1758,0.0025824,0.0025806,0.002379,1.5901e-13,2.0258e-21,5.5124e-13,5.5124e-13,5.5124e-13,5.5124e-13,5.5124e-13,5.5124e-13,5.6377e-13,1.7641e-13,2.2512e-21,6.0881e-13,6.0881e-13,6.0881e-13,6.0881e-13,2.2859e-13,2.9337e-21,7.8663e-13,7.8663e-13,7.8663e-13,7.8663e-13,7.8663e-13,7.8663e-13,1.7645e-13,2.2516e-21,6.0839e-13,6.0839e-13,6.0839e-13,6.0839e-13,1.2229e-12,1.0996e-12,1.0347e-12,1.0973e-12,1.0354e-12,2.0406e-12,1.8333e-12,1.7115e-12,1.8221e-12,1.7114e-12,8.4102e-13,7.5647e-13,7.166e-13,7.5734e-13,7.1759e-13
0.17245,0.091904,2.7366e-14,2.9909e-16,2.6964e-16,2.6693e-16,2.7586e-16,2.6862e-16,2.7628e-05,0.17575,0.0025854,0.0025836,0.0023818,1.5955e-13,2.0358e-21,5.5294e-13,5.5294e-13,5.5294e-13,5.5294e-13,5.5294e-13,5.5294e-13,5.6551e-13,1.7701e-13,2.2623e-21,6.1069e-13,6.1069e-13,6.1069e-13,6.1069e-13,2.2936e-13,2.9482e-21,7.8905e-13,7.8904e-13,7.8904e-13,7.8904e-13,7.8904e-13,7.8904e-13,1.7705e-13,2.2628e-21,6.1027e-13,6.1027e-13,6.1027e-13,6.1027e-13,1.2267e-12,1.103e-12,1.0379e-12,1.1007e-12,1.0386e-12,2.0469e-12,1.8389e-12,1.7167e-12,1.8277e-12,1.7167e-12,8.4367e-13,7.5885e-13,7.1886e-13,7.5972e-13,7.1986e-13
0.35657,0.18634,4.7144e-15,5.2082e-17,4.7001e-17,4.6557e-17,4.8091e-17,4.6855e-17,9.5131e-06,0.00081749,0.19503,0.00088234,0.00081266,2.8139e-14,2.6748e-22,1.0433e-13,1.0433e-13,1.0433e-13,1.0433e-13,1.0433e-13,1.0433e-13,1.0673e-13,3.1248e-14,2.9749e-22,1.1536e-13,1.1536e-13,1.1536e-13,1.1536e-13,4.052e-14,3.877e-22,1.4924e-13,1.4923e-13,1.4923e-13,1.4923e-13,1.4923e-13,1.4923e-13,3.1255e-14,2.9755e-22,1.1528e-13,1.1528e-13,1.1528e-13,1.1528e-13,2.304e-13,2.072e-13,1.9491e-13,2.0674e-13,1.9502e-13,3.8751e-13,3.4819e-13,3.2503e-13,3.4608e-13,3.2502e-13,1.5699e-13,1.4124e-13,1.337e-13,1.4136e-13,1.3388e-13
0.17439,0.091134,2.9886e-14,3.2631e-16,2.9449e-16,2.917e-16,3.0129e-16,2.9354e-16,2.6499e-05,0.002592,0.090772,0.0027889,0.0025747,1.7424e-13,2.2258e-21,6.0355e-13,6.0355e-13,6.0355e-13,6.0355e-13,6.0355e-13,6.0355e-13,6.1727e-13,1.9341e-13,2.4751e-21,6.6696e-13,6.6696e-13,6.6696e-13,6.6696e-13,2.5048e-13,3.2234e-21,8.613e-13,8.6129e-13,8.6129e-13,8.6129e-13,8.6129e-13,8.6129e-13,1.9346e-13,2.4756e-21,6.665e-13,6.665e-13,6.665e-13,6.665e-13,1.3376e-12,1.204e-12,1.1336e-12,1.2015e-12,1.1343e-12,2.2319e-12,2.0072e-12,1.8749e-12,1.995e-12,1.8748e-12,9.2005e-13,8.284e-13,7.8518e-13,8.2938e-13,7.8628e-13
0.17436,0.091115,2.999e-14,3.2743e-16,2.955e-16,2.927e-16,3.0233e-16,2.9455e-16,2.6522e-05,0.0025949,0.090746,0.0027921,0.0025777,1.7483e-13,2.2368e-21,6.0541e-13,6.0541e-13,6.0541e-13,6.0541e-13,6.0541e-13,6.0541e-13,6.1917e-13,1.9407e-13,2.4873e-21,6.6901e-13,6.6901e-13,6.6901e-13,6.6901e-13,2.5133e-13,3.2393e-21,8.6394e-13,8.6394e-13,8.6394e-13,8.6394e-13,8.6394e-13,8.6394e-13,1.9411e-13,2.4878e-21,6.6855e-13,6.6855e-13,6.6855e-13,6.6855e-13,1.3418e-12,1.2077e-12,1.1371e-12,1.2053e-12,1.1379e-12,2.2388e-12,2.0133e-12,1.8806e-12,2.0011e-12,1.8806e-12,9.2294e-13,8.31e-13,7.8766e-13,8.3199e-13,7.8875e-13
0.35944,0.1857,4.7126e-15,5.206e-17,4.6983e-17,4.654e-17,4.8072e-17,4.6838e-17,9.6852e-06,0.00081699,0.00088234,0.19435,0.0008121,2.8128e-14,2.674e-22,1.0429e-13,1.0429e-13,1.0429e-13,1.0429e-13,1.0429e-13,1.0429e-13,1.0669e-13,3.1237e-14,2.9741e-22,1.1532e-13,1.1532e-13,1.1532e-13,1.1532e-13,4.0503e-14,3.8758e-22,1.4917e-13,1.4917e-13,1.4917e-13,1.4917e-13,1.4917e-13,1.4917e-13,3.1244e-14,2.9747e-22,1.1523e-13,1.1523e-13,1.1523e-13,1.1523e-13,2.3029e-13,2.0712e-13,1.9483e-13,2.0666e-13,1.9495e-13,3.8734e-13,3.4804e-13,3.249e-13,3.4593e-13,3.249e-13,1.5692e-13,1.4118e-13,1.3365e-13,1.413e-13,1.3383e-13
0.17572,0.090851,2.9904e-14,3.265e-16,2.9467e-16,2.9188e-16,3.0147e-16,2.9373e-16,2.7017e-05,0.0025954,0.0027946,0.090465,0.0025779,1.7434e-13,2.2268e-21,6.0395e-13,6.0394e-13,6.0394e-13,6.0394e-13,6.0394e-13,6.0395e-13,6.1767e-13,1.9354e-13,2.4762e-21,6.6742e-13,6.6742e-13,6.6742e-13,6.6742e-13,2.5063e-13,3.2248e-21,8.6186e-13,8.6185e-13,8.6185e-13,8.6185e-13,8.6185e-13,8.6185e-13,1.9358e-13,2.4768e-21,6.6696e-13,6.6696e-13,6.6696e-13,6.6696e-13,1.3385e-12,1.2048e-12,1.1344e-12,1.2023e-12,1.1351e-12,2.2333e-12,2.0085e-12,1.8762e-12,1.9963e-12,1.8761e-12,9.2062e-13,8.2893e-13,7.8572e-13,8.2991e-13,7.8681e-13
0.17568,0.090832,3.0008e-14,3.2762e-16,2.9568e-16,2.9289e-16,3.0251e-16,2.9474e-16,2.704e-05,0.0025984,0.0027978,0.090439,0.0025809,1.7493e-13,2.2378e-21,6.0581e-13,6.0581e-13,6.0581e-13,6.0581e-13,6.0581e-13,6.0581e-13,6.1957e-13,1.9419e-13,2.4885e-21,6.6947e-13,6.6947e-13,6.6947e-13,6.6947e-13,2.5148e-13,3.2408e-21,8.6451e-13,8.645e-13,8.645e-13,8.645e-13,8.645e-13,8.645e-13,1.9424e-13,2.489e-21,6.6901e-13,6.6901e-13,6.6901e-13,6.6901e-13,1.3426e-12,1.2085e-12,1.1379e-12,1.206e-12,1.1386e-12,2.2402e-12,2.0147e-12,1.8819e-12,2.0024e-12,1.8819e-12,9.2351e-13,8.3154e-13,7.8819e-13,8.3252e-13,7.8929e-13
0.35732,0.1864,4.2932e-15,4.748e-17,4.2801e-17,4.2368e-17,4.3792e-17,4.2639e-17,9.5636e-06,0.00075125,0.00081261,0.00081205,0.37771,2.5627e-14,2.4311e-22,9.507e-14,9.507e-14,9.507e-14,9.507e-14,9.507e-14,9.507e-14,9.7261e-14,2.8439e-14,2.7019e-22,1.0506e-13,1.0506e-13,1.0506e-13,1.0506e-13,3.6901e-14,3.5236e-22,1.3599e-13,1.3599e-13,1.3599e-13,1.3599e-13,1.3599e-13,1.3599e-13,2.8445e-14,2.7024e-22,1.0498e-13,1.0498e-13,1.0498e-13,1.0498e-13,2.1017e-13,1.8881e-13,1.7748e-13,1.8838e-13,1.7759e-13,3.5351e-13,3.1729e-13,2.96e-13,3.1536e-13,2.9599e-13,1.4319e-13,1.2869e-13,1.2174e-13,1.2879e-13,1.219e-13
0.17552,0.091568,2.7236e-14,2.977e-16,2.6837e-16,2.6565e-16,2.7456e-16,2.6733e-16,2.6635e-05,0.0023884,0.0025754,0.0025734,0.1751,1.588e-13,2.0239e-21,5.5045e-13,5.5045e-13,5.5045e-13,5.5045e-13,5.5045e-13,5.5045e-13,5.6296e-13,1.7616e-13,2.2489e-21,6.079e-13,6.079e-13,6.079e-13,6.079e-13,2.2829e-13,2.9309e-21,7.8551e-13,7.8551e-13,7.8551e-13,7.8551e-13,7.8551e-13,7.8551e-13,1.7621e-13,2.2494e-21,6.0748e-13,6.0748e-13,6.0748e-13,6.0748e-13,1.2212e-12,1.098e-12,1.0332e-12,1.0957e-12,1.0338e-12,2.0378e-12,1.8306e-12,1.7089e-12,1.8195e-12,1.7089e-12,8.3989e-13,7.554e-13,7.1554e-13,7.5628e-13,7.1653e-13
0.17549,0.09155,2.7331e-14,2.9872e-16,2.6929e-16,2.6656e-16,2.755e-16,2.6825e-16,2.6658e-05,0.0023912,0.0025783,0.0025764,0.17504,1.5934e-13,2.0339e-21,5.5215e-13,5.5214e-13,5.5214e-13,5.5214e-13,5.5214e-13,5.5214e-13,5.6469e-13,1.7676e-13,2.2601e-21,6.0977e-13,6.0977e-13,6.0977e-13,6.0977e-13,2.2906e-13,2.9454e-21,7.8793e-13,7.8792e-13,7.8792e-13,7.8792e-13,7.8792e-13,7.8792e-13,1.768e-13,2.2605e-21,6.0935e-13,6.0935e-13,6.0935e-13,6.0935e-13,1.225e-12,1.1014e-12,1.0364e-12,1.0991e-12,1.037e-12,2.0441e-12,1.8363e-12,1.7141e-12,1.8251e-12,1.7141e-12,8.4253e-13,7.5778e-13,7.1779e-13,7.5866e-13,7.1879e-13
0.0040015,0.00091735,0.0023476,4.1649e-07,3.8147e-09,0.00014369,3.9066e-09,2.3268e-12,7.6514e-16,2.71e-14,2.9683e-14,2.9672e-14,2.7014e-14,1.9205e-06,7.5963e-14,4.9942e-06,4.9942e-06,4.9942e-06,4.9942e-06,4.9942e-06,4.9942e-06,5.096e-06,0.061242,4.3493e-08,0.08054,0.08054,0.08054,0.08054,2.7682e-06,1.1107e-13,7.0998e-06,7.0997e-06,7.0997e-06,7.0997e-06,7.0997e-06,7.0997e-06,1.2194e-09,1.0925e-17,4.5316e-09,4.5316e-09,4.5316e-09,4.5316e-09,0.0011037,1.1153e-05,0.17621,1.1134e-05,8.4109e-09,0.001732,1.779e-05,0.21831,1.7664e-05,1.3797e-08,0.00081216,8.065e-06,0.15746,8.0867e-06,5.8842e-09
0.0016145,0.00037014,0.00073505,1.2425e-06,6.3e-10,4.7641e-05,6.5215e-10,1.0709e-11,9.5279e-17,3.1198e-15,3.42e-15,3.4188e-15,3.1106e-15,3.2572e-07,8.2737e-15,9.4451e-07,9.4451e-07,9.4451e-07,9.4451e-07,9.4451e-07,9.4451e-07,9.6454e-07,0.020917,7.1771e-09,0.032501,0.032501,0.032501,0.032501,4.7242e-07,1.2129e-14,1.3547e-06,1.3547e-06,1.3547e-06,1.3547e-06,1.3547e-06,1.3547e-06,5.5457e-09,6.7199e-17,1.9186e-08,1.9186e-08,1.9186e-08,1.9186e-08,0.0029405,2.0724e-06,0.068442,2.0928e-06,3.5837e-08,0.004515,3.3646e-06,0.090889,3.3815e-06,5.8195e-08,0.0022116,1.4703e-06,0.058216,1.4905e-06,2.5358e-08
0.00053737,0.00012319,0.00033326,5.1817e-06,1.9053e-10,1.3192e-05,2.4655e-10,8.0171e-11,1.9637e-17,6.186e-16,6.7793e-16,6.777e-16,6.1693e-16,1.1457e-07,2.0065e-15,3.6157e-07,3.6156e-07,3.6156e-07,3.6156e-07,3.6156e-07,3.6156e-07,3.6967e-07,0.0059727,1.0719e-09,0.010817,0.010817,0.010817,0.010817,1.7376e-07,3.0759e-15,5.4513e-07,5.4513e-07,5.4513e-07,5.4513e-07,5.4513e-07,5.4513e-07,4.0929e-08,7.1385e-16,1.2957e-07,1.2957e-07,1.2957e-07,1.2957e-07,0.010421,6.5739e-07,0.022085,8.2584e-07,2.4411e-07,0.015418,1.0733e-06,0.030953,1.3424e-06,3.9102e-07,0.0081178,4.6303e-07,0.018,5.8426e-07,1.7533e-07
0.00015444,3.5408e-05,0.0006374,1.889e-05,7.0525e-10,3.1862e-06,1.0713e-09,5.5063e-10,7.9196e-17,2.7823e-15,3.0439e-15,3.0427e-15,2.7744e-15,4.6282e-07,1.1954e-14,1.3261e-06,1.3261e-06,1.3261e-06,1.3261e-06,1.3261e-06,1.3261e-06,1.3558e-06,0.0014849,1.4756e-10,0.0031031,0.0031031,0.0031031,0.0031031,7.1957e-07,1.8835e-14,2.0538e-06,2.0538e-06,2.0538e-06,2.0538e-06,2.0538e-06,2.0538e-06,2.766e-07,7.1344e-15,7.9639e-07,7.9639e-07,7.9639e-07,7.9639e-07,0.031979,2.0952e-06,0.0061783,3.1303e-06,1.5157e-06,0.045081,3.3445e-06,0.0090351,4.9859e-06,2.3886e-06,0.025988,1.511e-06,0.004854,2.2638e-06,1.1077e-06
6.0226e-05,1.381e-05,0.002009,5.7731e-05,4.2895e-09,1.0749e-06,6.5201e-09,3.4009e-09,6.3355e-16,2.4109e-14,2.6355e-14,2.6344e-14,2.4035e-14,2.7593e-06,1.1038e-13,7.0965e-06,7.0965e-06,7.0965e-06,7.0965e-06,7.0965e-06,7.0965e-06,7.2508e-06,0.00051109,3.2746e-11,0.0011787,0.0011787,0.0011787,0.0011787,4.2752e-06,1.7369e-13,1.0943e-05,1.0943e-05,1.0943e-05,1.0943e-05,1.0943e-05,1.0943e-05,1.6767e-06,6.6387e-14,4.3517e-06,4.3517e-06,4.3517e-06,4.3517e-06,0.081492,1.1318e-05,0.0023112,1.6939e-05,8.3861e-06,0.10769,1.771e-05,0.0034669,2.6441e-05,1.2952e-05,0.069678,8.3352e-06,0.0017737,1.251e-05,6.256e-06
0.0042713,0.0009872,0.0020019,4.4786e-07,4.7443e-12,3.2856e-09,8.169e-05,3.2484e-09,6.2074e-16,2.2953e-14,2.5116e-14,2.5106e-14,2.2882e-14,3.282e-09,2.9846e-17,1.2105e-08,1.2104e-08,1.2104e-08,1.2104e-08,1.2104e-08,1.2105e-08,1.239e-08,1.8229e-06,7.2052e-14,4.7205e-06,4.7205e-06,4.7205e-06,4.7205e-06,0.045087,3.3017e-08,0.057645,0.057645,0.057645,0.057645,0.057645,0.057645,1.8253e-06,7.2115e-14,4.721e-06,4.721e-06,4.721e-06,4.721e-06,0.0011655,1.8432e-08,9.0411e-06,0.10459,9.0373e-06,0.0018213,3.0508e-08,1.4246e-05,0.13233,1.4267e-05,0.0008605,1.2767e-08,6.6075e-06,0.09216,6.5918e-06
0.0017501,0.0004045,0.00064669,1.3341e-06,2.1909e-11,5.4808e-10,2.697e-05,5.4176e-10,7.7968e-17,2.6631e-15,2.9163e-15,2.9152e-15,2.6554e-15,1.4964e-08,1.8409e-16,5.1347e-08,5.1347e-08,5.1347e-08,5.1347e-08,5.1347e-08,5.1347e-08,5.2542e-08,3.0936e-07,7.8505e-15,8.9396e-07,8.9396e-07,8.9396e-07,8.9396e-07,0.015547,5.4614e-09,0.023621,0.023621,0.023621,0.023621,0.023621,0.023621,3.0972e-07,7.8568e-15,8.9385e-07,8.9385e-07,8.9385e-07,8.9385e-07,0.0031017,7.8744e-08,1.6922e-06,0.040751,1.6915e-06,0.0047412,1.2911e-07,2.7163e-06,0.055192,2.7196e-06,0.0023413,5.5134e-08,1.2126e-06,0.03416,1.2099e-06
0.00058937,0.00013622,0.00039261,5.5654e-06,1.6368e-10,2.0902e-10,7.4461e-06,2.0637e-10,2.3151e-17,7.5126e-16,8.2271e-16,8.224e-16,7.4925e-16,1.0986e-07,1.9507e-15,3.444e-07,3.444e-07,3.444e-07,3.444e-07,3.444e-07,3.444e-07,3.5227e-07,1.1082e-07,1.945e-15,3.5016e-07,3.5016e-07,3.5016e-07,3.5016e-07,0.0044714,8.1734e-10,0.0079542,0.0079541,0.0079541,0.0079541,0.0079541,0.0079541,1.1089e-07,1.9459e-15,3.4991e-07,3.4991e-07,3.4991e-07,3.4991e-07,0.011007,5.3392e-07,6.5895e-07,0.013193,6.5826e-07,0.016205,8.6419e-07,1.061e-06,0.018827,1.0617e-06,0.0086077,3.7928e-07,4.7062e-07,0.010596,4.6925e-07
0.00017095,3.951e-05,0.00096396,2.0295e-05,1.1213e-09,9.1284e-10,1.7946e-06,9.0079e-10,1.2758e-16,4.4982e-15,4.921e-15,4.919e-15,4.4854e-15,7.3768e-07,1.9439e-14,2.0989e-06,2.0989e-06,2.0989e-06,2.0989e-06,2.0989e-06,2.0989e-06,2.1459e-06,4.5292e-07,1.1752e-14,1.3041e-06,1.3041e-06,1.3041e-06,1.3041e-06,0.001118,1.1271e-10,0.002303,0.002303,0.002303,0.002303,0.002303,0.002303,4.5312e-07,1.1756e-14,1.3027e-06,1.3027e-06,1.3027e-06,1.3028e-06,0.03383,3.2964e-06,2.4838e-06,0.0037024,2.4798e-06,0.047428,5.2531e-06,3.9062e-06,0.0055038,3.9078e-06,0.027604,2.3815e-06,1.8189e-06,0.0028675,1.8121e-06
6.7006e-05,1.5486e-05,0.0030813,6.2029e-05,6.9026e-09,5.5508e-09,6.0546e-07,5.4779e-09,1.0254e-15,3.9115e-14,4.2757e-14,4.2739e-14,3.8995e-14,4.4361e-06,1.8028e-13,1.1348e-05,1.1348e-05,1.1348e-05,1.1348e-05,1.1348e-05,1.1348e-05,1.1594e-05,2.6972e-06,1.0847e-13,6.9758e-06,6.9758e-06,6.9758e-06,6.9758e-06,0.00038669,2.5064e-11,0.00088102,0.00088101,0.00088101,0.00088101,0.00088101,0.00088101,2.6986e-06,1.0851e-13,6.9692e-06,6.9692e-06,6.9692e-06,6.9692e-06,0.086316,1.8109e-05,1.3463e-05,0.00139,1.3439e-05,0.11336,2.8305e-05,2.0724e-05,0.0021172,2.0734e-05,0.07412,1.335e-05,1.0076e-05,0.0010519,1.0035e-05
0.0053798,0.0012434,0.0030297,4.1839e-07,8.5308e-05,5.606e-09,4.5848e-12,5.5678e-09,1.0107e-15,3.7208e-14,4.0711e-14,4.0695e-14,3.7092e-14,0.045879,3.3587e-08,0.058703,0.058703,0.058703,0.058703,0.058703,0.058703,0.059552,2.8988e-06,1.164e-13,7.484e-06,7.484e-06,7.484e-06,7.484e-06,3.2313e-09,2.9386e-17,1.1925e-08,1.1925e-08,1.1925e-08,1.1925e-08,1.1925e-08,1.1925e-08,2.9009e-06,1.1646e-13,7.4808e-06,7.4808e-06,7.4808e-06,7.4808e-06,0.0011079,0.11013,1.4437e-05,1.7633e-08,1.4429e-05,0.0017382,0.13986,2.2482e-05,2.9168e-08,2.2496e-05,0.00081534,0.096787,1.0681e-05,1.2231e-08,1.0662e-05
0.0022062,0.0005099,0.0009476,1.244e-06,2.8135e-05,9.215e-10,2.1111e-11,9.1512e-10,1.2576e-16,4.2799e-15,4.6865e-15,4.6848e-15,4.2675e-15,0.015831,5.5569e-09,0.024065,0.024065,0.024065,0.024065,0.024065,0.024065,0.024471,4.8577e-07,1.2599e-14,1.3961e-06,1.3961e-06,1.3961e-06,1.3961e-06,1.4684e-08,1.808e-16,5.0401e-08,5.0401e-08,5.0401e-08,5.0401e-08,5.0401e-08,5.0401e-08,4.8609e-07,1.2604e-14,1.3953e-06,1.3953e-06,1.3953e-06,1.3953e-06,0.0029403,0.042909,2.6602e-06,7.5091e-08,2.6588e-06,0.0045134,0.058298,4.2256e-06,1.2303e-07,4.2277e-06,0.002212,0.035874,1.9279e-06,5.2654e-08,1.9247e-06
0.00074331,0.0001718,0.00039189,5.1856e-06,7.7595e-06,2.1576e-10,1.5763e-10,2.138e-10,2.3293e-17,7.4756e-16,8.1882e-16,8.1853e-16,7.4555e-16,0.0045548,8.3178e-10,0.0081049,0.0081049,0.0081049,0.0081049,0.0081049,0.0081049,0.0082566,1.1301e-07,1.9839e-15,3.5715e-07,3.5715e-07,3.5715e-07,3.5715e-07,1.078e-07,1.9159e-15,3.3801e-07,3.3801e-07,3.3801e-07,3.3801e-07,3.3801e-07,3.3801e-07,1.1309e-07,1.985e-15,3.5695e-07,3.5695e-07,3.5695e-07,3.5696e-07,0.010415,0.013884,6.7373e-07,5.0886e-07,6.7332e-07,0.015404,0.019865,1.0833e-06,8.2283e-07,1.084e-06,0.0081157,0.011124,4.8191e-07,3.6206e-07,4.8096e-07
0.00021549,4.9806e-05,0.00066005,1.8899e-05,1.8683e-06,5.865e-10,1.0792e-09,5.7925e-10,8.1033e-17,2.8466e-15,3.1142e-15,3.113e-15,2.8385e-15,0.0011391,1.1471e-10,0.0023467,0.0023467,0.0023467,0.0023467,0.0023467,0.0023467,0.0023939,2.9145e-07,7.3959e-15,8.4556e-07,8.4556e-07,8.4556e-07,8.4556e-07,7.2381e-07,1.9094e-14,2.0599e-06,2.0599e-06,2.0599e-06,2.0599e-06,2.0599e-06,2.0599e-06,2.9178e-07,7.4015e-15,8.4534e-07,8.4534e-07,8.4534e-07,8.4534e-07,0.031953,0.0038936,1.6093e-06,3.1399e-06,1.6079e-06,0.045023,0.0058001,2.5346e-06,4.9979e-06,2.5375e-06,0.025975,0.0030088,1.1767e-06,2.2725e-06,1.1733e-06
8.3602e-05,1.9322e-05,0.0020437,5.7738e-05,6.2975e-07,3.5147e-09,6.6395e-09,3.4712e-09,6.4538e-16,2.4563e-14,2.6851e-14,2.684e-14,2.4488e-14,0.00039394,2.551e-11,0.00089749,0.00089749,0.00089749,0.00089749,0.00089749,0.00089749,0.00091626,1.7092e-06,6.7723e-14,4.443e-06,4.443e-06,4.443e-06,4.443e-06,4.3529e-06,1.7709e-13,1.1136e-05,1.1136e-05,1.1136e-05,1.1136e-05,1.1136e-05,1.1136e-05,1.7115e-06,6.778e-14,4.4427e-06,4.4427e-06,4.4427e-06,4.4427e-06,0.081399,0.0014606,8.5692e-06,1.7239e-05,8.5613e-06,0.10751,0.0022287,1.3205e-05,2.6907e-05,1.3223e-05,0.069625,0.0011031,6.4068e-06,1.2734e-05,6.3864e-06
0.0039918,0.00091595,0.0023459,4.377e-07,4.0022e-09,2.3593e-12,4.0738e-09,0.00014174,7.6495e-16,2.7098e-14,2.9682e-14,2.9671e-14,2.7012e-14,1.9221e-06,7.6003e-14,5.0076e-06,5.0076e-06,5.0076e-06,5.0076e-06,5.0076e-06,5.0076e-06,5.1081e-06,1.2196e-09,1.0926e-17,4.5391e-09,4.5391e-09,4.5391e-09,4.5391e-09,2.7685e-06,1.1107e-13,7.1079e-06,7.1079e-06,7.1079e-06,7.1079e-06,7.1079e-06,7.1079e-06,0.061253,4.3503e-08,0.080394,0.080394,0.080394,0.080394,0.0011126,1.1223e-05,8.426e-09,1.1195e-05,0.17538,0.0017326,1.778e-05,1.3801e-08,1.7652e-05,0.21823,0.00082511,8.1744e-06,5.9049e-09,8.1835e-06,0.15625
0.0016109,0.00036963,0.0007347,1.3048e-06,6.6064e-10,1.0856e-11,6.7949e-10,4.6994e-05,9.5256e-17,3.1197e-15,3.4198e-15,3.4187e-15,3.1105e-15,3.2597e-07,8.2777e-15,9.4671e-07,9.4671e-07,9.4671e-07,9.4671e-07,9.4671e-07,9.4671e-07,9.6654e-07,5.5453e-09,6.7191e-17,1.9213e-08,1.9213e-08,1.9213e-08,1.9213e-08,4.7246e-07,1.213e-14,1.3561e-06,1.3561e-06,1.3561e-06,1.3561e-06,1.3561e-06,1.3561e-06,0.020921,7.1785e-09,0.032447,0.032447,0.032447,0.032447,0.0029654,2.0838e-06,3.5897e-08,2.1028e-06,0.068171,0.0045149,3.3629e-06,5.8195e-08,3.3797e-06,0.09087,0.002249,1.4881e-06,2.5446e-08,1.5063e-06,0.057821
0.0005362,0.00012303,0.00033345,5.4372e-06,1.9512e-10,8.1272e-11,2.506e-10,1.3013e-05,1.9639e-17,6.1875e-16,6.781e-16,6.7786e-16,6.1708e-16,1.1466e-07,2.0076e-15,3.621e-07,3.621e-07,3.621e-07,3.621e-07,3.621e-07,3.621e-07,3.7018e-07,4.0925e-08,7.1376e-16,1.2975e-07,1.2975e-07,1.2975e-07,1.2975e-07,1.7379e-07,3.0763e-15,5.4543e-07,5.4543e-07,5.4543e-07,5.4543e-07,5.4543e-07,5.4543e-07,0.0059735,1.0721e-09,0.0108,0.0108,0.0108,0.0108,0.010524,6.5939e-07,2.4455e-07,8.2747e-07,0.022011,0.015419,1.0735e-06,3.9102e-07,1.3424e-06,0.030949,0.0082715,4.6588e-07,1.7599e-07,5.867e-07,0.017891
0.0001541,3.5361e-05,0.00063863,1.9803e-05,7.0657e-10,5.5819e-10,1.0722e-09,3.1428e-06,7.9248e-17,2.784e-15,3.0457e-15,3.0445e-15,2.776e-15,4.633e-07,1.1962e-14,1.3277e-06,1.3277e-06,1.3277e-06,1.3277e-06,1.3277e-06,1.3277e-06,1.3574e-06,2.7657e-07,7.1335e-15,7.9751e-07,7.9751e-07,7.9751e-07,7.9751e-07,7.1981e-07,1.8839e-14,2.0546e-06,2.0546e-06,2.0546e-06,2.0546e-06,2.0546e-06,2.0546e-06,0.001485,1.4758e-10,0.0030981,0.0030981,0.0030981,0.0030981,0.032351,2.0978e-06,1.5188e-06,3.1317e-06,0.00616,0.04509,3.3483e-06,2.3886e-06,4.9878e-06,0.0090335,0.02654,1.513e-06,1.1122e-06,2.265e-06,0.0048274
6.0017e-05,1.3774e-05,0.002014,6.0446e-05,4.2946e-09,3.4475e-09,6.5227e-09,1.0589e-06,6.3401e-16,2.4125e-14,2.6373e-14,2.6362e-14,2.4052e-14,2.7626e-06,1.1046e-13,7.1062e-06,7.1062e-06,7.1062e-06,7.1062e-06,7.1062e-06,7.1062e-06,7.2608e-06,1.6765e-06,6.6378e-14,4.3579e-06,4.3579e-06,4.3579e-06,4.3579e-06,4.2769e-06,1.7372e-13,1.0949e-05,1.0949e-05,1.0949e-05,1.0949e-05,1.0949e-05,1.0949e-05,0.00051045,3.2721e-11,0.0011752,0.0011752,0.0011752,0.0011752,0.08261,1.1334e-05,8.4051e-06,1.6947e-05,0.0023018,0.10774,1.7734e-05,1.2952e-05,2.6454e-05,0.0034614,0.071327,8.3462e-06,6.2842e-06,1.2516e-05,0.0017623
6.1496e-08,1.4189e-08,0.11345,2.61e-06,1.3167e-10,1.0598e-10,1.9963e-10,1.0466e-10,1.7466e-17,6.4846e-16,7.0903e-16,7.0874e-16,6.4652e-16,8.5538e-08,2.936e-15,2.3061e-07,2.3061e-07,2.3061e-07,2.3061e-07,2.3061e-07,2.3061e-07,2.3569e-07,5.1941e-08,1.7666e-15,1.4142e-07,1.4142e-07,1.4142e-07,1.4142e-07,1.3215e-07,4.5991e-15,3.5489e-07,3.5489e-07,3.5489e-07,3.5489e-07,3.5489e-07,3.5489e-07,5.2004e-08,1.768e-15,1.4139e-07,1.4139e-07,1.4139e-07,1.4139e-07,0.0040686,3.6506e-07,2.7118e-07,5.4545e-07,2.7093e-07,0.0054403,5.7618e-07,4.2179e-07,8.5914e-07,4.2232e-07,0.0033807,2.6644e-07,2.0086e-07,3.9914e-07,2.0024e-07
6.5199e-06,1.5043e-06,0.050421,0.00011189,1.6817e-08,1.3509e-08,2.5317e-08,1.3343e-08,3.2454e-15,1.3312e-13,1.454e-13,1.4534e-13,1.3268e-13,1.0561e-05,6.4854e-13,2.4496e-05,2.4496e-05,2.4496e-05,2.4496e-05,2.4496e-05,2.4496e-05,2.5012e-05,6.4433e-06,3.9092e-13,1.5133e-05,1.5133e-05,1.5133e-05,1.5133e-05,1.621e-05,1.0136e-12,3.7383e-05,3.7383e-05,3.7383e-05,3.7383e-05,3.7383e-05,3.7383e-05,6.4528e-06,3.9127e-13,1.5135e-05,1.5135e-05,1.5135e-05,1.5135e-05,0.12912,3.974e-05,2.9595e-05,5.8856e-05,2.9565e-05,0.15182,6.0873e-05,4.4585e-05,8.9888e-05,4.4654e-05,0.11775,2.9898e-05,2.262e-05,4.4428e-05,2.2543e-05
4.9314e-07,1.1372e-07,0.00083828,1.4696e-05,1.3553e-09,1.0943e-09,1.0042e-09,1.0795e-09,1.794e-16,6.6783e-15,7.3019e-15,7.2989e-15,6.6583e-15,8.7954e-07,3.0714e-14,2.3586e-06,2.3586e-06,2.3586e-06,2.3586e-06,2.3586e-06,2.3586e-06,2.4105e-06,5.3586e-07,1.8544e-14,1.4513e-06,1.4513e-06,1.4513e-06,1.4513e-06,6.6511e-07,2.2942e-14,1.791e-06,1.791e-06,1.791e-06,1.791e-06,1.791e-06,1.791e-06,5.3594e-07,1.8546e-14,1.4493e-06,1.4493e-06,1.4493e-06,1.4493e-06,0.022326,3.7367e-06,2.7847e-06,2.7516e-06,2.7789e-06,0.029078,5.8921e-06,4.3268e-06,4.3362e-06,4.3271e-06,0.018686,2.73e-06,2.0648e-06,2.0125e-06,2.056e-06
0.0039971,0.00091645,0.002327,3.5767e-09,5.3181e-07,0.00013472,3.8684e-09,2.5025e-12,7.5939e-16,2.6896e-14,2.946e-14,2.9449e-14,2.681e-14,0.00026143,1.6662e-11,0.00060398,0.00060398,0.00060398,0.00060398,0.00060398,0.00060398,0.00061568,0.060624,4.3109e-08,0.079345,0.079345,0.079345,0.079345,2.7411e-06,1.1009e-13,7.0263e-06,7.0263e-06,7.0263e-06,7.0263e-06,7.0263e-06,7.0263e-06,1.3887e-09,1.2444e-17,5.1539e-09,5.1539e-09,5.1539e-09,5.1539e-09,1.0853e-05,0.0013628,0.17252,1.102e-05,9.5899e-09,1.742e-05,0.0021248,0.21816,1.7482e-05,1.5843e-08,7.7997e-06,0.0010092,0.15201,8.0045e-06,6.6548e-09
0.0017386,0.00039885,0.00073021,5.9566e-10,1.5818e-06,4.4572e-05,6.26e-10,1.1509e-11,9.4612e-17,3.0968e-15,3.3947e-15,3.3936e-15,3.0876e-15,0.00076115,7.5162e-11,0.0015938,0.0015938,0.0015938,0.0015938,0.0015938,0.0015938,0.0016232,0.020716,7.1143e-09,0.032058,0.032058,0.032058,0.032058,4.5407e-07,1.185e-14,1.294e-06,1.294e-06,1.294e-06,1.294e-06,1.294e-06,1.294e-06,6.3145e-09,7.6533e-17,2.1813e-08,2.1813e-08,2.1813e-08,2.1813e-08,2.0483e-06,0.0036303,0.067188,2.0017e-06,4.0832e-08,3.3467e-06,0.0055364,0.090856,3.2326e-06,6.682e-08,1.4434e-06,0.0027476,0.056359,1.4264e-06,2.8642e-08
0.0010415,0.00023971,0.00033721,2.2152e-10,6.5795e-06,1.2323e-05,9.1103e-11,8.619e-11,1.9959e-17,6.1866e-16,6.783e-16,6.7808e-16,6.1697e-16,0.0030694,5.4645e-10,0.0055739,0.0055739,0.0055739,0.0055739,0.0055739,0.0055739,0.0056675,0.0059171,1.0626e-09,0.01068,0.01068,0.01068,0.01068,6.7412e-08,1.1873e-15,2.1159e-07,2.1159e-07,2.1159e-07,2.1159e-07,2.1159e-07,2.1159e-07,4.6595e-08,8.1299e-16,1.4726e-07,1.4726e-07,1.4726e-07,1.4726e-07,8.4068e-07,0.012893,0.021731,3.2368e-07,2.7789e-07,1.3907e-06,0.018943,0.030948,5.3027e-07,4.4891e-07,5.8416e-07,0.010104,0.017475,2.27e-07,1.9776e-07
0.0016938,0.00039119,0.0006583,9.5564e-10,2.3904e-05,2.9727e-06,1.2167e-11,5.9218e-10,8.2726e-17,2.8065e-15,3.0732e-15,3.0721e-15,2.7984e-15,0.010786,3.662e-09,0.016822,0.016822,0.016822,0.016822,0.016822,0.016822,0.01707,0.0014716,1.4629e-10,0.0030663,0.0030663,0.0030663,0.0030663,9.1609e-09,1.1191e-16,3.1468e-08,3.1468e-08,3.1468e-08,3.1468e-08,3.1468e-08,3.1468e-08,3.1482e-07,8.125e-15,9.0464e-07,9.0463e-07,9.0463e-07,9.0464e-07,3.2585e-06,0.039661,0.0060924,4.7692e-08,1.7236e-06,5.3179e-06,0.055529,0.0090353,7.9069e-08,2.7416e-06,2.2991e-06,0.032402,0.0047256,3.2995e-08,1.2474e-06
0.0039009,0.00090144,0.0020789,5.8302e-09,7.2694e-05,1.0034e-06,2.6715e-12,3.6588e-09,6.6222e-16,2.4329e-14,2.662e-14,2.661e-14,2.4254e-14,0.031727,2.2215e-08,0.041955,0.041955,0.041955,0.041955,0.041955,0.041955,0.042461,0.00050725,3.2494e-11,0.001167,0.001167,0.001167,0.001167,2.0363e-09,1.8336e-17,7.5253e-09,7.5252e-09,7.5252e-09,7.5252e-09,7.5252e-09,7.5252e-09,1.9077e-06,7.5601e-14,4.9397e-06,4.9397e-06,4.9397e-06,4.9397e-06,1.7599e-05,0.10128,0.0022853,1.1324e-08,9.5234e-06,2.8222e-05,0.13307,0.0034723,1.8936e-08,1.4859e-05,1.2658e-05,0.086939,0.0017324,7.7561e-09,7.0312e-06
0.17799,0.039753,1.0006e-09,2.2833e-16,5.3494e-11,1.4441e-16,3.5085e-22,1.4348e-16,9.0752e-24,2.4372e-22,2.6742e-22,2.6733e-22,2.4315e-22,1.9055e-06,0.35337,2.1613e-08,2.1613e-08,2.1613e-08,2.1613e-08,2.1613e-08,2.1613e-08,2.1736e-08,8.0165e-14,5.9491e-22,3.1463e-13,3.1463e-13,3.1463e-13,3.1463e-13,2.6462e-19,5.5841e-28,1.401e-18,1.401e-18,1.401e-18,1.401e-18,1.401e-18,1.401e-18,8.024e-14,5.9534e-22,3.1454e-13,3.1454e-13,3.1454e-13,3.1454e-13,1.103e-12,1.3349e-07,5.8275e-13,2.0219e-18,5.8284e-13,1.8711e-12,2.0743e-07,9.6844e-13,3.4749e-18,9.693e-13,7.4398e-13,9.9349e-08,4.0164e-13,1.3395e-18,4.0136e-13
0.012397,0.0027689,5.6086e-09,2.0138e-15,2.9011e-10,1.2746e-15,4.3847e-21,1.2665e-15,9.7648e-23,2.7966e-21,3.067e-21,3.066e-21,2.7897e-21,8.8841e-06,0.024613,1.082e-07,1.082e-07,1.082e-07,1.082e-07,1.082e-07,1.082e-07,1.0862e-07,6.9915e-13,7.1895e-21,2.538e-12,2.538e-12,2.538e-12,2.538e-12,3.2812e-18,8.8186e-27,1.6378e-17,1.6378e-17,1.6378e-17,1.6378e-17,1.6378e-17,1.6378e-17,6.9987e-13,7.1951e-21,2.5376e-12,2.5376e-12,2.5376e-12,2.5376e-12,8.9104e-12,6.4519e-07,4.73e-12,2.3731e-17,4.7309e-12,1.499e-11,9.7895e-07,7.7843e-12,4.0586e-17,7.7919e-12,6.0712e-12,4.9155e-07,3.2969e-12,1.5817e-17,3.2945e-12
0.00013923,3.1108e-05,9.36e-07,6.1937e-13,4.5763e-08,3.9244e-13,2.0735e-18,3.8998e-13,3.8685e-20,1.1975e-18,1.3124e-18,1.312e-18,1.1944e-18,0.0011074,0.00027367,1.5238e-05,1.5238e-05,1.5238e-05,1.5238e-05,1.5238e-05,1.5238e-05,1.5255e-05,2.1179e-10,3.2734e-18,6.9507e-10,6.9507e-10,6.9507e-10,6.9507e-10,1.5364e-15,5.4879e-24,7.1469e-15,7.1468e-15,7.1468e-15,7.1468e-15,7.1468e-15,7.1468e-15,2.1204e-10,3.2762e-18,6.9508e-10,6.9508e-10,6.9508e-10,6.9508e-10,2.4455e-09,8.5798e-05,1.307e-09,1.0408e-14,1.3072e-09,4.0643e-09,0.0001248,2.1209e-09,1.7689e-14,2.1233e-09,1.6903e-09,6.7953e-05,9.2545e-10,6.9915e-15,9.2474e-10
0.00085001,0.0001964,0.00071569,9.9017e-10,3.1936e-05,6.2822e-10,5.4044e-15,6.2435e-10,8.3196e-17,2.8079e-15,3.0749e-15,3.0738e-15,2.7998e-15,0.55388,5.7021e-06,0.009273,0.0092731,0.0092731,0.0092731,0.0092731,0.009273,0.0092487,3.3222e-07,8.2061e-15,9.6854e-07,9.6854e-07,9.6854e-07,9.6854e-07,3.9586e-12,1.9333e-20,1.7028e-11,1.7027e-11,1.7027e-11,1.7027e-11,1.7027e-11,1.7027e-11,3.3267e-07,8.2137e-15,9.6876e-07,9.6876e-07,9.6876e-07,9.6876e-07,3.4177e-06,0.047964,1.8427e-06,2.4951e-11,1.8432e-06,5.5868e-06,0.065002,2.9346e-06,4.2081e-11,2.9384e-06,2.4071e-06,0.040275,1.3318e-06,1.6916e-11,1.3307e-06
0.002092,0.00048341,0.0022013,6.146e-09,8.7638e-05,3.9049e-09,5.4706e-14,3.8814e-09,6.996e-16,2.5711e-14,2.8132e-14,2.8121e-14,2.5631e-14,1.1022,1.9055e-06,0.0229,0.0229,0.0229,0.0229,0.0229,0.0229,0.022765,2.0206e-06,8.0188e-14,5.2384e-06,5.2384e-06,5.2384e-06,5.2384e-06,3.9581e-11,2.6484e-19,1.5747e-10,1.5747e-10,1.5747e-10,1.5747e-10,1.5747e-10,1.5747e-10,2.0238e-06,8.027e-14,5.2409e-06,5.2409e-06,5.2409e-06,5.2409e-06,1.8548e-05,0.10891,1.01e-05,2.323e-10,1.0104e-05,2.9742e-05,0.13624,1.5742e-05,3.8851e-10,1.5766e-05,1.3341e-05,0.096895,7.4661e-06,1.5908e-10,7.4597e-06
0.0039913,0.00091593,0.0023261,3.7571e-09,5.5806e-07,2.521e-12,4.0348e-09,0.00013365,7.5924e-16,2.6896e-14,2.946e-14,2.9449e-14,2.681e-14,0.00026188,1.6679e-11,0.00060637,0.00060637,0.00060637,0.00060637,0.00060637,0.00060637,0.00061791,1.3887e-09,1.2444e-17,5.1604e-09,5.1604e-09,5.1604e-09,5.1604e-09,2.7418e-06,1.1011e-13,7.0357e-06,7.0357e-06,7.0357e-06,7.0357e-06,7.0357e-06,7.0357e-06,0.060654,4.3124e-08,0.079274,0.079274,0.079274,0.079274,1.0919e-05,0.0013737,9.5985e-09,1.1082e-05,0.17206,1.7407e-05,0.0021253,1.5845e-08,1.7473e-05,0.21811,7.9041e-06,0.0010251,6.6667e-09,8.1019e-06,0.15135
0.0017368,0.00039876,0.00073006,6.2508e-10,1.6587e-06,1.1593e-11,6.5319e-10,4.4228e-05,9.4594e-17,3.0968e-15,3.3948e-15,3.3936e-15,3.0876e-15,0.00076251,7.5235e-11,0.0016006,0.0016006,0.0016006,0.0016006,0.0016006,0.0016006,0.0016294,6.3135e-09,7.6521e-17,2.1837e-08,2.1837e-08,2.1837e-08,2.1837e-08,4.5417e-07,1.1851e-14,1.2955e-06,1.2955e-06,1.2955e-06,1.2955e-06,1.2955e-06,1.2955e-06,0.020724,7.1164e-09,0.032029,0.032029,0.032029,0.032029,2.059e-06,0.0036615,4.0866e-08,2.0119e-06,0.067043,3.3447e-06,0.0055369,6.6821e-08,3.2312e-06,0.090844,1.4604e-06,0.002794,2.8693e-08,1.4423e-06,0.056148
0.0010431,0.00024021,0.00033745,2.2588e-10,6.8942e-06,8.6819e-11,9.5092e-11,1.2229e-05,1.9961e-17,6.1878e-16,6.7843e-16,6.782e-16,6.1709e-16,0.0030759,5.4704e-10,0.0056019,0.0056019,0.0056019,0.0056019,0.0056019,0.0056019,0.0056936,4.6587e-08,8.1285e-16,1.4742e-07,1.4742e-07,1.4742e-07,1.4742e-07,6.7425e-08,1.1874e-15,2.1181e-07,2.1181e-07,2.1181e-07,2.1181e-07,2.1181e-07,2.1181e-07,0.0059191,1.0629e-09,0.01067,0.01067,0.01067,0.01067,8.4247e-07,0.013022,2.7814e-07,3.2517e-07,0.021692,1.3908e-06,0.018947,4.4891e-07,5.3006e-07,0.030945,5.868e-07,0.010295,1.9814e-07,2.2933e-07,0.017418
0.0017027,0.00039327,0.00065957,9.5663e-10,2.5022e-05,5.9652e-10,1.2703e-11,2.9503e-06,8.2765e-17,2.8077e-15,3.0746e-15,3.0734e-15,2.7996e-15,0.010814,3.6664e-09,0.016923,0.016923,0.016923,0.016923,0.016923,0.016923,0.017164,3.1476e-07,8.1235e-15,9.0561e-07,9.0561e-07,9.0561e-07,9.0561e-07,9.1622e-09,1.1192e-16,3.1497e-08,3.1496e-08,3.1496e-08,3.1496e-08,3.1496e-08,3.1496e-08,0.0014719,1.4632e-10,0.003063,0.003063,0.003063,0.003063,3.2603e-06,0.040122,1.7254e-06,4.789e-08,0.0060826,5.3206e-06,0.05555,2.7416e-06,7.9038e-08,0.0090339,2.3006e-06,0.033081,1.25e-06,3.3307e-08,0.0047117
0.0039285,0.00090782,0.0020841,5.8333e-09,7.5995e-05,3.6858e-09,2.7852e-12,9.9472e-07,6.6257e-16,2.4341e-14,2.6633e-14,2.6623e-14,2.4265e-14,0.031828,2.2245e-08,0.042262,0.042262,0.042262,0.042262,0.042262,0.042262,0.042748,1.9073e-06,7.5585e-14,4.9449e-06,4.9449e-06,4.9449e-06,4.9449e-06,2.0349e-09,1.8326e-17,7.5249e-09,7.5248e-09,7.5248e-09,7.5248e-09,7.5248e-09,7.5249e-09,0.00050672,3.2474e-11,0.0011641,0.0011641,0.0011641,0.0011641,1.761e-05,0.10266,9.5344e-06,1.1357e-08,0.002279,2.8239e-05,0.13316,1.486e-05,1.8913e-08,0.0034671,1.2666e-05,0.088952,7.0476e-06,7.817e-09,0.0017255
0.0002108,4.872e-05,0.11345,1.7711e-10,3.604e-06,1.1268e-10,1.3481e-15,1.1198e-10,1.8176e-17,6.5131e-16,7.1281e-16,7.1253e-16,6.4932e-16,0.0015032,6.8337e-10,0.0023008,0.0023008,0.0023008,0.0023008,0.0023008,0.0023008,0.0023318,5.8794e-08,1.9983e-15,1.5976e-07,1.5976e-07,1.5976e-07,1.5976e-07,9.7859e-13,6.073e-21,3.9784e-12,3.9783e-12,3.9783e-12,3.9783e-12,3.9783e-12,3.9783e-12,5.8873e-08,2.0001e-15,1.598e-07,1.598e-07,1.598e-07,1.598e-07,5.6386e-07,0.0051647,3.0635e-07,5.8579e-12,3.064e-07,9.1145e-07,0.0066948,4.8173e-07,9.8204e-12,4.8235e-07,4.0208e-07,0.0043963,2.2438e-07,4.0001e-12,2.2415e-07
0.0063719,0.0014726,0.050152,2.2565e-08,0.00015236,1.4382e-08,3.0983e-13,1.4294e-08,3.3779e-15,1.3378e-13,1.4625e-13,1.4619e-13,1.3333e-13,0.060903,8.586e-08,0.0696,0.0696,0.0696,0.0696,0.0696,0.0696,0.070166,7.2943e-06,4.4227e-13,1.7091e-05,1.7091e-05,1.7091e-05,1.7091e-05,2.2155e-10,1.976e-18,8.2206e-10,8.2205e-10,8.2205e-10,8.2205e-10,8.2205e-10,8.2205e-10,7.3061e-06,4.4271e-13,1.71e-05,1.71e-05,1.71e-05,1.71e-05,6.062e-05,0.16576,3.3385e-05,1.2207e-09,3.3393e-05,9.5356e-05,0.18857,5.0932e-05,2.0249e-09,5.1011e-05,4.4496e-05,0.15431,2.5208e-05,8.4397e-10,2.5182e-05
0.0016858,0.00038962,0.00074571,7.931e-10,1.8782e-05,9.9347e-10,7.3954e-15,9.8638e-10,1.5957e-16,5.7311e-15,6.2721e-15,6.2697e-15,5.7136e-15,0.012529,5.9426e-09,0.018383,0.018383,0.018383,0.018383,0.018383,0.018383,0.018717,5.1795e-07,1.7868e-14,1.4012e-06,1.4011e-06,1.4011e-06,1.4012e-06,5.4157e-12,3.3548e-20,2.2026e-11,2.2026e-11,2.2026e-11,2.2026e-11,2.2026e-11,2.2026e-11,5.1815e-07,1.7873e-14,1.4e-06,1.4e-06,1.4e-06,1.4e-06,2.5349e-06,0.027469,2.6882e-06,3.2531e-11,2.6858e-06,4.0999e-06,0.035208,4.2236e-06,5.4605e-11,4.2245e-06,1.8065e-06,0.023243,1.9705e-06,2.2181e-11,1.9666e-06
0.17649,0.039804,1.1332e-09,1.3976e-16,1.4833e-16,9.3591e-11,1.5207e-16,2.1867e-22,1.0467e-23,2.7064e-22,2.973e-22,2.9722e-22,2.7e-22,8.0177e-14,5.9483e-22,3.1528e-13,3.1527e-13,3.1527e-13,3.1527e-13,3.1527e-13,3.1528e-13,3.2249e-13,2.6945e-06,0.50013,3.7935e-08,3.7935e-08,3.7935e-08,3.7935e-08,1.1709e-13,8.7468e-22,4.5702e-13,4.5701e-13,4.5701e-13,4.5701e-13,4.5701e-13,4.5702e-13,1.2754e-19,2.6697e-28,6.7662e-19,6.7662e-19,6.7662e-19,6.7662e-19,6.7693e-13,6.8647e-13,2.2057e-07,6.8467e-13,1.2268e-18,1.1487e-12,1.1596e-12,3.3816e-07,1.152e-12,2.1023e-18,4.5647e-13,4.6528e-13,1.6603e-07,4.6555e-13,8.1481e-19
0.012288,0.0027713,6.3407e-09,1.2341e-15,1.3091e-15,5.0665e-10,1.3418e-15,2.7364e-21,1.1255e-22,3.1042e-21,3.4082e-21,3.4072e-21,3.0964e-21,6.9904e-13,7.1868e-21,2.5425e-12,2.5425e-12,2.5425e-12,2.5425e-12,2.5425e-12,2.5425e-12,2.5998e-12,1.2557e-05,0.034822,1.8964e-07,1.8964e-07,1.8964e-07,1.8964e-07,1.0188e-12,1.0557e-20,3.6748e-12,3.6747e-12,3.6747e-12,3.6747e-12,3.6747e-12,3.6747e-12,1.5849e-18,4.2217e-27,7.9311e-18,7.9311e-18,7.9311e-18,7.9311e-18,5.4762e-12,5.558e-12,1.0672e-06,5.5438e-12,1.4427e-17,9.2155e-12,9.3082e-12,1.596e-06,9.2452e-12,2.4599e-17,3.73e-12,3.8061e-12,8.2274e-07,3.8093e-12,9.6411e-18
0.00013792,3.1111e-05,1.0558e-06,3.8035e-13,4.0315e-13,7.9738e-08,4.131e-13,1.2966e-18,4.4561e-20,1.3289e-18,1.458e-18,1.4575e-18,1.3253e-18,2.1176e-10,3.2721e-18,6.9639e-10,6.9639e-10,6.9639e-10,6.9639e-10,6.9639e-10,6.9639e-10,7.1168e-10,0.0015654,0.00038709,2.6657e-05,2.6657e-05,2.6657e-05,2.6657e-05,3.0773e-10,4.8001e-18,1.0022e-09,1.0022e-09,1.0022e-09,1.0022e-09,1.0022e-09,1.0022e-09,7.4439e-16,2.6319e-24,3.4738e-15,3.4738e-15,3.4738e-15,3.4738e-15,1.5067e-09,1.531e-09,0.00014228,1.5272e-09,6.3451e-15,2.5051e-09,2.5322e-09,0.00020366,2.5144e-09,1.075e-14,1.041e-09,1.0637e-09,0.00011407,1.065e-09,4.2738e-15
0.00080582,0.00018473,0.00080439,6.0971e-10,6.4558e-10,5.5431e-05,6.6123e-10,3.3872e-15,9.5763e-17,3.1148e-15,3.4147e-15,3.4135e-15,3.1056e-15,3.3217e-07,8.2027e-15,9.705e-07,9.705e-07,9.705e-07,9.705e-07,9.705e-07,9.705e-07,9.911e-07,0.78312,8.0646e-06,0.016162,0.016162,0.016162,0.016162,4.8087e-07,1.2014e-14,1.3887e-06,1.3887e-06,1.3887e-06,1.3887e-06,1.3887e-06,1.3887e-06,1.9249e-12,9.2907e-21,8.314e-12,8.314e-12,8.314e-12,8.314e-12,2.1127e-06,2.1498e-06,0.079809,2.1447e-06,1.5262e-11,3.4555e-06,3.4962e-06,0.10625,3.4707e-06,2.5656e-11,1.4871e-06,1.5223e-06,0.067841,1.5249e-06,1.0376e-11
0.0019738,0.00045251,0.0024635,3.7961e-09,4.0145e-09,0.00015136,4.1097e-09,3.4372e-14,8.0462e-16,2.8511e-14,3.1228e-14,3.1217e-14,2.842e-14,2.0203e-06,8.0153e-14,5.2498e-06,5.2498e-06,5.2498e-06,5.2498e-06,5.2498e-06,5.2498e-06,5.3568e-06,1.5591,2.6945e-06,0.039698,0.039698,0.039698,0.039698,2.9119e-06,1.1719e-13,7.462e-06,7.462e-06,7.462e-06,7.462e-06,7.462e-06,7.462e-06,1.9323e-11,1.2754e-19,7.7267e-11,7.7267e-11,7.7267e-11,7.7267e-11,1.151e-05,1.173e-05,0.18168,1.1704e-05,1.4261e-10,1.8471e-05,1.8708e-05,0.22303,1.8565e-05,2.3771e-10,8.2725e-06,8.4829e-06,0.1635,8.5017e-06,9.7939e-11
0.0042052,0.00097183,0.0019412,3.929e-09,2.5885e-12,9.3442e-07,7.4368e-05,3.1459e-09,6.0293e-16,2.2292e-14,2.4392e-14,2.4383e-14,2.2223e-14,1.3922e-09,1.245e-17,5.1857e-09,5.1856e-09,5.1856e-09,5.1856e-09,5.1856e-09,5.1857e-09,5.3031e-09,0.00050587,3.2443e-11,0.0011604,0.0011604,0.0011604,0.0011604,0.043953,3.2133e-08,0.055978,0.055979,0.055979,0.055979,0.055979,0.055979,1.7679e-06,6.9864e-14,4.5711e-06,4.5711e-06,4.5711e-06,4.5711e-06,1.1719e-05,1.1274e-08,0.0022558,0.10167,8.7506e-06,1.8741e-05,1.8931e-08,0.0034692,0.13239,1.3814e-05,8.4456e-06,7.6963e-09,0.0016899,0.087772,6.3829e-06
0.0018512,0.00042759,0.00061524,6.4429e-10,1.1856e-11,2.7722e-06,2.4473e-05,5.0829e-10,7.5368e-17,2.5728e-15,2.8174e-15,2.8164e-15,2.5654e-15,6.2857e-09,7.6157e-17,2.1785e-08,2.1785e-08,2.1785e-08,2.1785e-08,2.1785e-08,2.1785e-08,2.227e-08,0.0014681,1.4611e-10,0.0030492,0.0030492,0.0030492,0.0030492,0.01515,5.3141e-09,0.022942,0.022942,0.022942,0.022942,0.022942,0.022942,2.915e-07,7.5058e-15,8.3646e-07,8.3646e-07,8.3646e-07,8.3646e-07,2.1701e-06,4.7742e-08,0.0060106,0.03976,1.5836e-06,3.5327e-06,7.9498e-08,0.009033,0.055223,2.5454e-06,1.534e-06,3.2913e-08,0.0046044,0.032666,1.1331e-06
0.0010994,0.00025312,0.00032541,1.7566e-10,8.8803e-11,1.1506e-05,6.74e-06,7.3876e-11,1.9111e-17,5.9364e-16,6.509e-16,6.5068e-16,5.9202e-16,4.6374e-08,8.0892e-16,1.4705e-07,1.4705e-07,1.4705e-07,1.4705e-07,1.4705e-07,1.4705e-07,1.5025e-07,0.0059007,1.0612e-09,0.010609,0.010609,0.010609,0.010609,0.0043554,7.9516e-10,0.0077263,0.0077263,0.0077263,0.0077263,0.0077263,0.0077263,4.3114e-08,7.5079e-16,1.3608e-07,1.3608e-07,1.3608e-07,1.3608e-07,6.6155e-07,3.2398e-07,0.021397,0.012912,2.553e-07,1.0929e-06,5.3325e-07,0.030936,0.018836,4.1635e-07,4.6017e-07,2.2636e-07,0.01698,0.010174,1.7977e-07
0.0017455,0.00040048,0.00072569,5.8864e-10,6.1032e-10,4.1683e-05,1.6213e-06,9.8539e-12,9.4471e-17,3.0928e-15,3.3904e-15,3.3892e-15,3.0837e-15,3.1332e-07,8.0841e-15,9.0342e-07,9.0342e-07,9.0342e-07,9.0342e-07,9.0342e-07,9.0342e-07,9.2251e-07,0.020646,7.1035e-09,0.031803,0.031803,0.031803,0.031803,0.0010886,1.0963e-10,0.0022371,0.0022371,0.0022371,0.0022371,0.0022371,0.0022371,5.8397e-09,7.066e-17,2.0148e-08,2.0148e-08,2.0148e-08,2.0148e-08,2.0183e-06,2.003e-06,0.065993,0.0036333,3.7514e-08,3.2964e-06,3.2509e-06,0.090795,0.0055058,6.1926e-08,1.4229e-06,1.4215e-06,0.054602,0.0027637,2.6056e-08
0.0039668,0.00090953,0.0023186,3.5693e-09,3.7723e-09,0.00012625,5.4629e-07,2.1479e-12,7.5891e-16,2.6881e-14,2.9443e-14,2.9433e-14,2.6795e-14,1.8985e-06,7.5218e-14,4.9336e-06,4.9335e-06,4.9335e-06,4.9335e-06,4.9335e-06,4.9336e-06,5.034e-06,0.060368,4.3035e-08,0.078577,0.078577,0.078577,0.078577,0.00037642,2.4378e-11,0.00085574,0.00085574,0.00085574,0.00085574,0.00085574,0.00085574,1.2867e-09,1.1507e-17,4.7706e-09,4.7706e-09,4.7706e-09,4.7706e-09,1.0826e-05,1.1023e-05,0.16897,0.0013662,8.8332e-09,1.7374e-05,1.7581e-05,0.21791,0.0021176,1.471e-08,7.7805e-06,7.9717e-06,0.14683,0.0010164,6.0732e-09
0.00021302,4.8837e-05,0.11344,1.0742e-10,1.1368e-10,6.1667e-06,1.1642e-10,8.3099e-16,2.053e-17,7.0901e-16,7.7679e-16,7.7652e-16,7.068e-16,5.7699e-08,1.9579e-15,1.572e-07,1.572e-07,1.572e-07,1.572e-07,1.572e-07,1.572e-07,1.6046e-07,0.0028382,1.3058e-09,0.0042881,0.0042881,0.0042881,0.0042881,8.3318e-08,2.8644e-15,2.2412e-07,2.2411e-07,2.2411e-07,2.2411e-07,2.2411e-07,2.2411e-07,4.6852e-13,2.8684e-21,1.9141e-12,1.9141e-12,1.9141e-12,1.9141e-12,3.4354e-07,3.4997e-07,0.0085337,3.4925e-07,3.5273e-12,5.5571e-07,5.6276e-07,0.010896,5.5866e-07,5.8939e-12,2.448e-07,2.5091e-07,0.0073402,2.5146e-07,2.4155e-12
0.0063356,0.0014525,0.050012,1.375e-08,1.4525e-08,0.0002591,1.4866e-08,1.9162e-13,3.8127e-15,1.456e-13,1.5935e-13,1.5928e-13,1.451e-13,7.1631e-06,4.3343e-13,1.6834e-05,1.6834e-05,1.6834e-05,1.6834e-05,1.6834e-05,1.6834e-05,1.7163e-05,0.11383,1.6379e-07,0.12748,0.12748,0.12748,0.12748,1.0281e-05,6.3276e-13,2.3776e-05,2.3775e-05,2.3775e-05,2.3775e-05,2.3775e-05,2.3775e-05,1.0662e-10,9.3577e-19,3.9809e-10,3.9809e-10,3.9809e-10,3.9809e-10,3.7156e-05,3.7928e-05,0.27526,3.7858e-05,7.386e-10,5.8509e-05,5.9339e-05,0.30843,5.8881e-05,1.221e-09,2.7243e-05,2.7986e-05,0.25843,2.8067e-05,5.1214e-10
0.0014354,0.00032906,0.00068318,7.6519e-10,8.1111e-10,3.0612e-05,8.315e-10,5.9796e-15,1.4634e-16,5.0605e-15,5.5443e-15,5.5423e-15,5.0448e-15,4.115e-07,1.4085e-14,1.1183e-06,1.1183e-06,1.1183e-06,1.1183e-06,1.1183e-06,1.1183e-06,1.1415e-06,0.019628,9.2422e-09,0.028893,0.028893,0.028893,0.028893,5.9478e-07,2.0619e-14,1.5959e-06,1.5959e-06,1.5959e-06,1.5959e-06,1.5959e-06,1.5959e-06,3.3709e-12,2.0735e-20,1.3754e-11,1.3754e-11,1.3754e-11,1.3754e-11,2.44e-06,2.4902e-06,0.044299,2.4878e-06,2.5349e-11,3.9452e-06,4.0025e-06,0.056514,3.9778e-06,4.235e-11,1.7395e-06,1.7861e-06,0.0376,1.792e-06,1.7362e-11
0.17222,0.039949,1.4344e-09,2.3977e-16,3.9104e-22,1.9637e-16,5.8697e-11,1.9397e-16,1.3048e-23,3.5325e-22,3.876e-22,3.8748e-22,3.5243e-22,2.6478e-19,5.5828e-28,1.4027e-18,1.4027e-18,1.4027e-18,1.4027e-18,1.4027e-18,1.4027e-18,1.4372e-18,1.1718e-13,8.7459e-22,4.5849e-13,4.5849e-13,4.5849e-13,4.5849e-13,1.7984e-06,0.33464,2.7332e-08,2.7332e-08,2.7332e-08,2.7332e-08,2.7332e-08,2.7332e-08,1.1723e-13,8.7486e-22,4.5806e-13,4.5806e-13,4.5806e-13,4.5806e-13,1.1353e-12,2.3003e-18,8.4556e-13,1.4022e-07,8.449e-13,1.9207e-12,3.9595e-18,1.4149e-12,2.1566e-07,1.4155e-12,7.6752e-13,1.5209e-18,5.7803e-13,1.0526e-07,5.7677e-13
0.011978,0.0027783,7.9942e-09,2.1131e-15,4.8832e-21,1.7287e-15,3.1774e-10,1.7076e-15,1.4011e-22,4.0457e-21,4.4369e-21,4.4355e-21,4.0358e-21,3.2805e-18,8.8106e-27,1.6386e-17,1.6386e-17,1.6386e-17,1.6386e-17,1.6386e-17,1.6386e-17,1.6785e-17,1.0187e-12,1.0549e-20,3.6848e-12,3.6848e-12,3.6848e-12,3.6848e-12,8.3684e-06,0.023273,1.3584e-07,1.3584e-07,1.3584e-07,1.3584e-07,1.3584e-07,1.3584e-07,1.0192e-12,1.0553e-20,3.6815e-12,3.6815e-12,3.6815e-12,3.6815e-12,9.167e-12,2.6973e-17,6.8357e-12,6.7754e-07,6.83e-12,1.5376e-11,4.6206e-17,1.1334e-11,1.0166e-06,1.1339e-11,6.2609e-12,1.7942e-17,4.7237e-12,5.2091e-07,4.7127e-12
0.00013448,3.1192e-05,1.3253e-06,6.5021e-13,2.3093e-18,5.3109e-13,5.011e-08,5.2464e-13,5.5424e-20,1.7301e-18,1.8962e-18,1.8955e-18,1.7255e-18,1.5361e-15,5.4827e-24,7.1512e-15,7.1511e-15,7.1511e-15,7.1511e-15,7.1511e-15,7.1512e-15,7.3239e-15,3.0771e-10,4.7962e-18,1.0055e-09,1.0055e-09,1.0055e-09,1.0055e-09,0.0010432,0.00025857,1.8949e-05,1.8949e-05,1.8949e-05,1.8949e-05,1.8949e-05,1.8949e-05,3.0786e-10,4.798e-18,1.0047e-09,1.0047e-09,1.0047e-09,1.0047e-09,2.5184e-09,1.1829e-14,1.8812e-09,9.0338e-05,1.8795e-09,4.1722e-09,2.0139e-14,3.0778e-09,0.00012977,3.0794e-09,1.7451e-09,7.9287e-15,1.3199e-09,7.2242e-05,1.3166e-09
0.00084397,0.00019507,0.0010031,1.0401e-09,6.0193e-15,8.4775e-10,3.4949e-05,8.3753e-10,1.1898e-16,4.0502e-15,4.4354e-15,4.4338e-15,4.0386e-15,3.9578e-12,1.9314e-20,1.704e-11,1.704e-11,1.704e-11,1.704e-11,1.704e-11,1.704e-11,1.7448e-11,4.8082e-07,1.2003e-14,1.3944e-06,1.3944e-06,1.3944e-06,1.3944e-06,0.52185,5.3851e-06,0.011352,0.011352,0.011352,0.011352,0.011352,0.011352,4.811e-07,1.2008e-14,1.3933e-06,1.3933e-06,1.3933e-06,1.3933e-06,3.5239e-06,2.8353e-11,2.6382e-06,0.050691,2.6355e-06,5.741e-06,4.791e-11,4.2397e-06,0.067714,4.2423e-06,2.4887e-06,1.9179e-11,1.8881e-06,0.042996,1.8828e-06
0.0020406,0.00047164,0.0030496,6.4598e-09,6.0933e-14,5.2523e-09,9.58e-05,5.1896e-09,9.9862e-16,3.7023e-14,4.051e-14,4.0494e-14,3.6908e-14,3.9572e-11,2.6456e-19,1.5761e-10,1.5761e-10,1.5761e-10,1.5761e-10,1.5761e-10,1.5761e-10,1.6133e-10,2.9116e-06,1.1708e-13,7.4992e-06,7.4991e-06,7.4991e-06,7.4991e-06,1.0388,1.7984e-06,0.02752,0.027521,0.027521,0.027521,0.027521,0.02752,2.9137e-06,1.1714e-13,7.4946e-06,7.4946e-06,7.4946e-06,7.4946e-06,1.915e-05,2.6393e-10,1.4372e-05,0.11545,1.4356e-05,3.0597e-05,4.4233e-10,2.2624e-05,0.14211,2.264e-05,1.3815e-05,1.8029e-10,1.0514e-05,0.10376,1.0482e-05
0.0039583,0.00090837,0.0023172,3.7492e-09,3.9583e-09,2.1757e-12,5.6993e-07,0.00012465,7.5872e-16,2.6879e-14,2.9442e-14,2.9431e-14,2.6794e-14,1.9004e-06,7.5262e-14,4.9474e-06,4.9473e-06,4.9473e-06,4.9473e-06,4.9473e-06,4.9473e-06,5.0466e-06,1.287e-09,1.1508e-17,4.7781e-09,4.7781e-09,4.7781e-09,4.7781e-09,0.00037684,2.4393e-11,0.00085784,0.00085784,0.00085784,0.00085784,0.00085784,0.00085784,0.060374,4.3041e-08,0.07845,0.07845,0.07845,0.07845,1.0891e-05,1.1093e-05,8.8461e-09,0.0013762,0.1683,1.7361e-05,1.7573e-05,1.4713e-08,0.0021184,0.21785,7.8842e-06,8.0808e-06,6.0909e-09,0.0010309,0.14585
0.0017426,0.00040012,0.00072542,6.18e-10,6.407e-10,9.9796e-12,1.6902e-06,4.1157e-05,9.4448e-17,3.0927e-15,3.3902e-15,3.3891e-15,3.0836e-15,3.1358e-07,8.0885e-15,9.0566e-07,9.0566e-07,9.0566e-07,9.0566e-07,9.0565e-07,9.0566e-07,9.2455e-07,5.8396e-09,7.0655e-17,2.0175e-08,2.0175e-08,2.0175e-08,2.0175e-08,0.0010896,1.0968e-10,0.0022425,0.0022425,0.0022425,0.0022425,0.0022425,0.0022425,0.020647,7.1044e-09,0.031755,0.031755,0.031755,0.031755,2.0289e-06,2.0144e-06,3.7565e-08,0.0036614,0.065774,3.2942e-06,3.2495e-06,6.1926e-08,0.0055064,0.090779,1.4398e-06,1.4393e-06,2.6132e-08,0.0028053,0.054281
0.0011,0.00025336,0.00032562,1.8005e-10,9.3258e-11,7.4818e-11,7.0217e-06,1.1361e-05,1.9113e-17,5.9376e-16,6.5103e-16,6.5081e-16,5.9214e-16,4.6409e-08,8.0932e-16,1.4737e-07,1.4737e-07,1.4737e-07,1.4737e-07,1.4737e-07,1.4737e-07,1.5054e-07,4.3113e-08,7.5074e-16,1.3626e-07,1.3626e-07,1.3626e-07,1.3626e-07,0.0043603,7.9556e-10,0.0077488,0.0077488,0.0077488,0.0077488,0.0077488,0.0077488,0.0059011,1.0613e-09,0.010594,0.010594,0.010594,0.010594,6.6347e-07,3.2566e-07,2.5568e-07,0.013027,0.021337,1.0932e-06,5.3304e-07,4.1635e-07,0.01884,0.030932,4.629e-07,2.2897e-07,1.8034e-07,0.010344,0.016892
0.001857,0.00042896,0.00061648,6.4557e-10,1.2454e-11,5.1476e-10,2.5473e-05,2.7372e-06,7.541e-17,2.5741e-15,2.8189e-15,2.8178e-15,2.5667e-15,6.2898e-09,7.6192e-17,2.1828e-08,2.1828e-08,2.1828e-08,2.1828e-08,2.1828e-08,2.1828e-08,2.2309e-08,2.9149e-07,7.5051e-15,8.376e-07,8.376e-07,8.376e-07,8.376e-07,0.015171,5.3171e-09,0.023025,0.023025,0.023025,0.023025,0.023025,0.023025,0.0014681,1.4612e-10,0.0030447,0.0030447,0.0030447,0.0030447,2.173e-06,4.7965e-08,1.5862e-06,0.040173,0.0059957,3.5371e-06,7.9466e-08,2.5454e-06,0.055243,0.0090316,1.5362e-06,3.3263e-08,1.137e-06,0.033274,0.0045828
0.0042237,0.00097612,0.0019462,3.9341e-09,2.7161e-12,3.1859e-09,7.7318e-05,9.2161e-07,6.0331e-16,2.2305e-14,2.4406e-14,2.4397e-14,2.2236e-14,1.392e-09,1.2449e-17,5.191e-09,5.191e-09,5.191e-09,5.191e-09,5.191e-09,5.191e-09,5.3075e-09,1.7679e-06,6.9857e-14,4.5773e-06,4.5773e-06,4.5773e-06,4.5773e-06,0.044033,3.2154e-08,0.056231,0.056231,0.056231,0.056231,0.056231,0.056231,0.0005053,3.2421e-11,0.0011573,0.0011573,0.0011573,0.0011573,1.1736e-05,1.1314e-08,8.7669e-06,0.1029,0.0022481,1.8769e-05,1.8909e-08,1.3814e-05,0.13247,0.0034644,8.4576e-06,7.766e-09,6.4071e-06,0.089572,0.0016807
0.00022906,5.2942e-05,0.11345,1.1925e-10,9.4709e-16,9.6884e-11,3.6544e-06,9.578e-11,1.6468e-17,5.939e-16,6.5001e-16,6.4976e-16,5.921e-16,6.1734e-13,3.8015e-21,2.5176e-12,2.5175e-12,2.5175e-12,2.5175e-12,2.5175e-12,2.5176e-12,2.5772e-12,5.4224e-08,1.8379e-15,1.4715e-07,1.4715e-07,1.4715e-07,1.4715e-07,0.0020825,9.7965e-10,0.0030915,0.0030915,0.0030915,0.0030915,0.0030915,0.0030915,5.4292e-08,1.8395e-15,1.4715e-07,1.4715e-07,1.4715e-07,1.4715e-07,3.7472e-07,4.207e-12,2.8037e-07,0.0051825,2.8026e-07,6.0404e-07,7.0688e-12,4.4552e-07,0.0066824,4.4613e-07,2.6776e-07,2.8651e-12,2.031e-07,0.0044251,2.0264e-07
0.0066334,0.0015332,0.05013,1.5313e-08,2.1826e-13,1.2397e-08,0.00015434,1.2259e-08,3.0636e-15,1.2208e-13,1.3347e-13,1.3341e-13,1.2167e-13,1.4015e-10,1.2386e-18,5.2199e-10,5.2199e-10,5.2199e-10,5.2199e-10,5.2199e-10,5.2199e-10,5.3418e-10,6.7367e-06,4.0698e-13,1.5763e-05,1.5763e-05,1.5763e-05,1.5763e-05,0.082186,1.2248e-07,0.089512,0.089512,0.089512,0.089512,0.089512,0.089512,6.7469e-06,4.0737e-13,1.5768e-05,1.5768e-05,1.5768e-05,1.5768e-05,4.0728e-05,8.7927e-10,3.0566e-05,0.16651,3.0553e-05,6.39e-05,1.4623e-09,4.7204e-05,0.18829,4.7282e-05,2.9949e-05,6.0614e-10,2.2803e-05,0.15547,2.2745e-05
0.0011306,0.0002613,0.00075295,1.1507e-09,9.3396e-15,9.4168e-10,1.8377e-05,9.2994e-10,1.5954e-16,5.7704e-15,6.3154e-15,6.3129e-15,5.7528e-15,6.0831e-12,3.7832e-20,2.4739e-11,2.4739e-11,2.4739e-11,2.4739e-11,2.4739e-11,2.4739e-11,2.5325e-11,5.2648e-07,1.819e-14,1.4205e-06,1.4205e-06,1.4205e-06,1.4205e-06,0.010199,4.69e-09,0.015258,0.015258,0.015258,0.015258,0.015258,0.015258,5.2657e-07,1.8192e-14,1.4188e-06,1.4188e-06,1.4188e-06,1.4188e-06,3.592e-06,4.137e-11,2.7082e-06,0.027218,2.7038e-06,5.7845e-06,6.9493e-11,4.2991e-06,0.035073,4.2997e-06,2.5694e-06,2.8184e-11,1.9639e-06,0.022947,1.9571e-06
0.17613,0.039816,1.1339e-09,1.471e-16,1.5595e-16,2.2116e-22,1.5888e-16,9.5307e-11,1.0467e-23,2.707e-22,2.9736e-22,2.9728e-22,2.7006e-22,8.0258e-14,5.9526e-22,3.1597e-13,3.1597e-13,3.1597e-13,3.1597e-13,3.1597e-13,3.1597e-13,3.2314e-13,1.2754e-19,2.6697e-28,6.7757e-19,6.7757e-19,6.7757e-19,6.7757e-19,1.1715e-13,8.7495e-22,4.5754e-13,4.5754e-13,4.5754e-13,4.5754e-13,4.5754e-13,4.5754e-13,2.6931e-06,0.50029,3.8174e-08,3.8174e-08,3.8174e-08,3.8174e-08,6.7986e-13,6.8962e-13,1.2279e-18,6.8742e-13,2.2128e-07,1.1487e-12,1.1598e-12,2.1025e-18,1.152e-12,3.382e-07,4.6087e-13,4.6991e-13,8.1637e-19,4.6965e-13,1.6708e-07
0.012262,0.0027719,6.3438e-09,1.2985e-15,1.3759e-15,2.7675e-21,1.4015e-15,5.1571e-10,1.1254e-22,3.1047e-21,3.4087e-21,3.4077e-21,3.0969e-21,6.9977e-13,7.192e-21,2.5485e-12,2.5485e-12,2.5485e-12,2.5485e-12,2.5485e-12,2.5485e-12,2.6053e-12,1.5849e-18,4.2215e-27,7.9418e-18,7.9418e-18,7.9418e-18,7.9418e-18,1.0193e-12,1.056e-20,3.6791e-12,3.679e-12,3.679e-12,3.679e-12,3.6791e-12,3.6791e-12,1.2548e-05,0.034829,1.9092e-07,1.9092e-07,1.9092e-07,1.9092e-07,5.5017e-12,5.5852e-12,1.444e-17,5.5675e-12,1.0709e-06,9.2147e-12,9.3089e-12,2.46e-17,9.2448e-12,1.596e-06,3.7685e-12,3.8465e-12,9.6602e-18,3.8451e-12,8.2819e-07
0.00013763,3.1119e-05,1.0564e-06,4.001e-13,4.2362e-13,1.3113e-18,4.3136e-13,8.1119e-08,4.4561e-20,1.3291e-18,1.4583e-18,1.4578e-18,1.3255e-18,2.1201e-10,3.2747e-18,6.9822e-10,6.9822e-10,6.9822e-10,6.9822e-10,6.9822e-10,6.9822e-10,7.1339e-10,7.4439e-16,2.6318e-24,3.4785e-15,3.4785e-15,3.4785e-15,3.4785e-15,3.0789e-10,4.8016e-18,1.0036e-09,1.0036e-09,1.0036e-09,1.0036e-09,1.0036e-09,1.0036e-09,0.0015641,0.00038716,2.6858e-05,2.6858e-05,2.6858e-05,2.6858e-05,1.5146e-09,1.5393e-09,6.3514e-15,1.5345e-09,0.00014284,2.5049e-09,2.5324e-09,1.075e-14,2.5144e-09,0.00020367,1.0528e-09,1.0761e-09,4.2829e-15,1.076e-09,0.0001149
0.00081218,0.00018635,0.00080494,6.4113e-10,6.781e-10,3.4256e-15,6.9023e-10,5.6342e-05,9.5764e-17,3.1154e-15,3.4154e-15,3.4142e-15,3.1062e-15,3.3262e-07,8.2098e-15,9.7344e-07,9.7344e-07,9.7344e-07,9.7344e-07,9.7344e-07,9.7344e-07,9.9384e-07,1.9249e-12,9.2903e-21,8.3253e-12,8.3253e-12,8.3253e-12,8.3253e-12,4.8115e-07,1.2018e-14,1.3909e-06,1.3908e-06,1.3908e-06,1.3908e-06,1.3908e-06,1.3909e-06,0.78233,8.0654e-06,0.0163,0.0163,0.0163,0.0163,2.1252e-06,2.1632e-06,1.5278e-11,2.1564e-06,0.080182,3.4553e-06,3.4968e-06,2.5658e-11,3.4707e-06,0.10626,1.5059e-06,1.542e-06,1.04e-11,1.5423e-06,0.068392
0.0019909,0.00045682,0.0024655,3.9902e-09,4.2149e-09,3.4763e-14,4.2883e-09,0.00015369,8.0466e-16,2.8517e-14,3.1235e-14,3.1224e-14,2.8426e-14,2.0235e-06,8.0229e-14,5.2682e-06,5.2682e-06,5.2682e-06,5.2682e-06,5.2682e-06,5.2682e-06,5.3739e-06,1.9323e-11,1.2754e-19,7.7373e-11,7.7372e-11,7.7372e-11,7.7372e-11,2.9139e-06,1.1724e-13,7.4757e-06,7.4757e-06,7.4757e-06,7.4757e-06,7.4757e-06,7.4757e-06,1.5571,2.6931e-06,0.040066,0.040066,0.040066,0.040066,1.1588e-05,1.1812e-05,1.4278e-10,1.1776e-05,0.18264,1.847e-05,1.8713e-05,2.3773e-10,1.8566e-05,0.22308,8.389e-06,8.6048e-06,9.818e-11,8.6093e-06,0.16491
0.00021285,4.884e-05,0.11344,1.1289e-10,1.1934e-10,8.4032e-16,1.2147e-10,6.1501e-06,2.0529e-17,7.0911e-16,7.7691e-16,7.7663e-16,7.0691e-16,5.7767e-08,1.9594e-15,1.5767e-07,1.5767e-07,1.5767e-07,1.5767e-07,1.5767e-07,1.5767e-07,1.6089e-07,4.6847e-13,2.8681e-21,1.9164e-12,1.9164e-12,1.9164e-12,1.9164e-12,8.3354e-08,2.8652e-15,2.2444e-07,2.2444e-07,2.2444e-07,2.2444e-07,2.2444e-07,2.2444e-07,0.0028405,1.3065e-09,0.0042872,0.0042872,0.0042872,0.0042872,3.4561e-07,3.522e-07,3.5308e-12,3.5121e-07,0.0085268,5.5546e-07,5.6267e-07,5.8934e-12,5.5852e-07,0.010895,2.48e-07,2.5428e-07,2.421e-12,2.5446e-07,0.0073301
0.006332,0.0014529,0.050017,1.4441e-08,1.5239e-08,1.9376e-13,1.5502e-08,0.00025822,3.8125e-15,1.4562e-13,1.5937e-13,1.5931e-13,1.4513e-13,7.173e-06,4.338e-13,1.6893e-05,1.6893e-05,1.6893e-05,1.6893e-05,1.6893e-05,1.6893e-05,1.7217e-05,1.0661e-10,9.3566e-19,3.9856e-10,3.9856e-10,3.9856e-10,3.9856e-10,1.0287e-05,6.3296e-13,2.3817e-05,2.3817e-05,2.3817e-05,2.3817e-05,2.3817e-05,2.3817e-05,0.11395,1.6389e-07,0.12749,0.12749,0.12749,0.12749,3.7417e-05,3.821e-05,7.394e-10,3.8105e-05,0.27488,5.8479e-05,5.9329e-05,1.2209e-09,5.8864e-05,0.30837,2.7649e-05,2.8412e-05,5.1339e-10,2.8444e-05,0.25788
0.0014356,0.0003294,0.00068355,8.0451e-10,8.5175e-10,6.0479e-15,8.6788e-10,3.0868e-05,1.4634e-16,5.0613e-15,5.5452e-15,5.5432e-15,5.0456e-15,4.1213e-07,1.4098e-14,1.1221e-06,1.1221e-06,1.122e-06,1.122e-06,1.122e-06,1.1221e-06,1.145e-06,3.3712e-12,2.0735e-20,1.3774e-11,1.3774e-11,1.3774e-11,1.3774e-11,5.9526e-07,2.0629e-14,1.5989e-06,1.5989e-06,1.5989e-06,1.5989e-06,1.5989e-06,1.5989e-06,0.019646,9.247e-09,0.028915,0.028915,0.028915,0.028915,2.456e-06,2.507e-06,2.538e-11,2.5028e-06,0.044417,3.9456e-06,4.0034e-06,4.2357e-11,3.9785e-06,0.056542,1.7632e-06,1.8108e-06,1.7405e-11,1.8141e-06,0.037763
