0.15754,1.9335e-13,9.6621e-27,2.6771e-06,2.5839e-06,2.9919e-06,2.6368e-06,2.1423e-13,2.1044e-13,2.0871e-13,2.1009e-13,1.0934e-26,1.0599e-26,1.054e-26,1.0549e-26
1.9335e-13,0.16012,2.4299e-13,1.1832e-13,1.1609e-13,1.1346e-13,1.1544e-13,2.5828e-06,2.4785e-06,2.8741e-06,2.5607e-06,2.7233e-13,2.6575e-13,2.6428e-13,2.645e-13
9.6622e-27,2.4299e-13,0.15764,5.7455e-27,5.6274e-27,5.5e-27,5.5983e-27,1.3513e-13,1.3549e-13,1.2759e-13,1.3238e-13,2.36e-06,2.2585e-06,2.6309e-06,2.3035e-06
8.6866e-05,1.6248e-10,4.2259e-23,5.7057e-05,5.1966e-05,4.7284e-05,5.1356e-05,2.3314e-10,2.5379e-10,2.5029e-10,2.5671e-10,4.7568e-23,4.6085e-23,4.5841e-23,4.5868e-23
9.4471e-17,0.00012312,1.7807e-10,5.6833e-17,5.5699e-17,5.4446e-17,5.5397e-17,6.9169e-05,6.3997e-05,4.9156e-05,6.1566e-05,2.6751e-10,2.9259e-10,3.2252e-10,3.0977e-10
2.677e-06,1.1834e-13,5.7461e-27,0.67355,2.3204e-06,5.9168e-08,2.326e-06,1.2833e-13,1.2587e-13,1.2504e-13,1.2566e-13,6.5032e-27,6.3042e-27,6.2694e-27,6.2747e-27
2.5839e-06,1.1608e-13,5.627e-27,2.3204e-06,1.0576,2.1317e-06,5.8856e-08,1.2567e-13,1.2322e-13,1.2242e-13,1.2301e-13,6.3685e-27,6.1736e-27,6.1395e-27,6.1448e-27
2.992e-06,1.1348e-13,5.5007e-27,5.9168e-08,2.1317e-06,0.67924,2.1047e-06,1.2298e-13,1.2059e-13,1.1979e-13,1.2038e-13,6.2255e-27,6.035e-27,6.0016e-27,6.0067e-27
2.6368e-06,1.1542e-13,5.5978e-27,2.3259e-06,5.8856e-08,2.1048e-06,1.0493,1.2495e-13,1.2251e-13,1.2172e-13,1.2231e-13,6.3355e-27,6.1416e-27,6.1077e-27,6.1129e-27
2.1426e-13,2.5827e-06,1.3514e-13,1.2833e-13,1.2567e-13,1.2298e-13,1.2495e-13,0.66403,2.4953e-06,6.261e-08,2.4878e-06,1.4937e-13,1.4401e-13,1.4345e-13,1.4334e-13
2.1041e-13,2.4785e-06,1.3548e-13,1.2587e-13,1.2322e-13,1.2058e-13,1.2251e-13,2.4952e-06,1.0434,2.2805e-06,6.4899e-08,1.4957e-13,1.44e-13,1.4342e-13,1.4331e-13
2.0874e-13,2.8741e-06,1.2759e-13,1.2504e-13,1.2242e-13,1.1979e-13,1.2172e-13,6.261e-08,2.2805e-06,0.6725,2.2285e-06,1.4081e-13,1.3565e-13,1.3502e-13,1.3496e-13
2.1006e-13,2.5607e-06,1.3237e-13,1.2566e-13,1.2302e-13,1.2038e-13,1.2231e-13,2.4878e-06,6.4899e-08,2.2285e-06,1.0371,1.4613e-13,1.4067e-13,1.401e-13,1.4e-13
1.0934e-26,2.7233e-13,2.3598e-06,6.5026e-27,6.3691e-27,6.2249e-27,6.3361e-27,1.4937e-13,1.4957e-13,1.4081e-13,1.4613e-13,0.65069,2.3644e-06,4.6485e-08,2.3509e-06
1.0598e-26,2.6573e-13,2.2585e-06,6.3033e-27,6.1739e-27,6.0341e-27,6.1419e-27,1.4401e-13,1.44e-13,1.3564e-13,1.4067e-13,2.3643e-06,1.0279,2.1698e-06,4.5986e-08
1.0541e-26,2.6431e-13,2.6309e-06,6.2692e-27,6.1405e-27,6.0014e-27,6.1087e-27,1.4345e-13,1.4342e-13,1.3502e-13,1.401e-13,4.6485e-08,2.1698e-06,0.6589,2.0886e-06
1.0549e-26,2.6449e-13,2.3035e-06,6.2739e-27,6.1451e-27,6.0059e-27,6.1132e-27,1.4334e-13,1.4331e-13,1.3495e-13,1.4e-13,2.3508e-06,4.5987e-08,2.0886e-06,1.0188
1.6515e-30,1.578e-16,0.00018016,9.7733e-31,9.5701e-31,9.3528e-31,9.5215e-31,8.615e-17,8.6283e-17,8.1163e-17,8.4291e-17,0.00012329,0.00011781,0.0001093,0.00011757
8.4665e-05,8.1359e-14,4.1986e-27,1.0998e-06,0.085122,1.115e-06,4.0457e-08,8.804e-14,8.6329e-14,8.5769e-14,8.6185e-14,4.7512e-27,4.606e-27,4.5805e-27,4.5844e-27
0.00025268,9.8355e-15,3.1249e-28,1.7951e-07,0.028468,1.8373e-07,8.0811e-09,1.0675e-14,1.0465e-14,1.0398e-14,1.0449e-14,3.5403e-28,3.4315e-28,3.4124e-28,3.4154e-28
0.0010496,1.9838e-15,4.055e-29,4.3833e-08,0.0079337,5.6514e-08,1.8037e-08,2.1811e-15,2.1394e-15,2.1241e-15,2.1363e-15,4.5987e-29,4.4564e-29,4.4316e-29,4.4356e-29
0.0038066,8.2232e-15,2.6459e-28,1.291e-07,0.0019248,2.1251e-07,1.1961e-07,9.1324e-15,8.9683e-15,8.8953e-15,8.9545e-15,2.9973e-28,2.9049e-28,2.8889e-28,2.8914e-28
0.011556,6.7673e-14,3.5468e-27,7.8465e-07,0.00064523,1.2916e-06,7.4477e-07,7.4955e-14,7.3629e-14,7.3024e-14,7.3508e-14,4.0132e-27,3.8902e-27,3.8688e-27,3.872e-27
9.424e-05,6.6722e-14,3.4262e-27,3.4672e-08,8.8559e-07,0.052997,8.6651e-07,7.2281e-14,7.0876e-14,7.0408e-14,7.0756e-14,3.8772e-27,3.7587e-27,3.7379e-27,3.7411e-27
0.00028128,8.143e-15,2.5609e-28,9.0345e-09,1.4621e-07,0.017701,1.4314e-07,8.8506e-15,8.6764e-15,8.6195e-15,8.6628e-15,2.9014e-28,2.8121e-28,2.7965e-28,2.799e-28
0.0011694,2.4528e-15,5.0674e-29,3.1766e-08,5.0167e-08,0.0049287,4.9734e-08,2.7095e-15,2.6586e-15,2.6386e-15,2.6547e-15,5.7465e-29,5.5687e-29,5.5377e-29,5.5426e-29
0.0042447,1.4145e-14,4.6448e-28,2.1428e-07,2.0609e-07,0.0011949,2.0609e-07,1.5709e-14,1.5427e-14,1.5302e-14,1.5403e-14,5.2615e-28,5.0994e-28,5.0711e-28,5.0755e-28
0.012895,1.1682e-13,6.2363e-27,1.3262e-06,1.2585e-06,0.00039976,1.2586e-06,1.2937e-13,1.2708e-13,1.2604e-13,1.2687e-13,7.0562e-27,6.84e-27,6.8023e-27,6.808e-27
8.3708e-05,1.067e-13,5.5506e-27,0.053669,1.5406e-06,5.2381e-08,1.5257e-06,1.1566e-13,1.1345e-13,1.1269e-13,1.1326e-13,6.2811e-27,6.089e-27,6.0554e-27,6.0605e-27
0.00024896,1.2889e-14,4.1295e-28,0.017886,2.5155e-07,1.1553e-08,2.4918e-07,1.4012e-14,1.374e-14,1.3649e-14,1.3718e-14,4.6784e-28,4.5345e-28,4.5094e-28,4.5133e-28
0.0010341,2.3271e-15,4.7713e-29,0.0049707,5.3577e-08,3.1523e-08,5.3255e-08,2.5572e-15,2.5084e-15,2.4905e-15,2.5047e-15,5.4109e-29,5.2435e-29,5.2144e-29,5.219e-29
0.0037513,8.2801e-15,2.6587e-28,0.0012033,1.2452e-07,2.0979e-07,1.246e-07,9.1952e-15,9.0298e-15,8.9564e-15,9.0159e-15,3.0118e-28,2.919e-28,2.9028e-28,2.9053e-28
0.011392,6.785e-14,3.5575e-27,0.00040312,7.4676e-07,1.2946e-06,7.4738e-07,7.5151e-14,7.3822e-14,7.3215e-14,7.37e-14,4.0253e-27,3.902e-27,3.8805e-27,3.8837e-27
8.6504e-05,8.1359e-14,4.1986e-27,1.1129e-06,4.0696e-08,1.1249e-06,0.084805,8.8037e-14,8.6325e-14,8.5766e-14,8.6182e-14,4.7512e-27,4.606e-27,4.5805e-27,4.5844e-27
0.00025814,9.8355e-15,3.1249e-28,1.8167e-07,8.115e-09,1.8537e-07,0.028392,1.0675e-14,1.0465e-14,1.0397e-14,1.0448e-14,3.5403e-28,3.4315e-28,3.4124e-28,3.4154e-28
0.001072,1.9845e-15,4.056e-29,4.4174e-08,1.8046e-08,5.6779e-08,0.0079187,2.1819e-15,2.1402e-15,2.1249e-15,2.1371e-15,4.5998e-29,4.4575e-29,4.4327e-29,4.4367e-29
0.0038862,8.2306e-15,2.6474e-28,1.2933e-07,1.1967e-07,2.1272e-07,0.0019222,9.1407e-15,8.9764e-15,8.9034e-15,8.9626e-15,2.999e-28,2.9066e-28,2.8905e-28,2.893e-28
0.011792,6.774e-14,3.5489e-27,7.8598e-07,7.4539e-07,1.2928e-06,0.00064412,7.503e-14,7.3702e-14,7.3097e-14,7.3581e-14,4.0156e-27,3.8925e-27,3.8711e-27,3.8743e-27
0.00039247,1.8257e-15,8.4801e-29,2.3571e-08,2.2378e-08,3.9286e-08,2.2386e-08,2.024e-15,1.988e-15,1.9717e-15,1.9848e-15,9.5976e-29,9.3031e-29,9.2518e-29,9.2596e-29
0.016851,3.5186e-13,2.9648e-26,3.0391e-06,2.8816e-06,4.9965e-06,2.8817e-06,3.8851e-13,3.8174e-13,3.7858e-13,3.8107e-13,3.3507e-26,3.2486e-26,3.2308e-26,3.2334e-26
0.0011106,3.5561e-10,9.4953e-23,8.5315e-05,8.3782e-05,8.1976e-05,8.3215e-05,3.8914e-10,3.8265e-10,3.7945e-10,3.8186e-10,1.0699e-22,1.0378e-22,1.0322e-22,1.0329e-22
0.0041714,3.7083e-11,5.3149e-24,1.2434e-05,1.2203e-05,1.2045e-05,1.2126e-05,4.0788e-11,4.009e-11,3.9757e-11,4.0015e-11,5.9984e-24,5.8169e-24,5.7852e-24,5.7896e-24
0.016703,5.5812e-12,4.9071e-25,3.6367e-06,3.5242e-06,4.4636e-06,3.5113e-06,6.1603e-12,6.0531e-12,6.0031e-12,6.0424e-12,5.5454e-25,5.3765e-25,5.347e-25,5.3513e-25
0.0023557,2.7454e-14,1.3064e-27,3.5099e-07,3.3316e-07,2.9613e-07,3.3293e-07,3.043e-14,2.989e-14,2.9645e-14,2.9841e-14,1.4784e-27,1.4331e-27,1.4252e-27,1.4264e-27
1.0934e-13,8.061e-05,8.9237e-14,6.544e-14,6.4064e-14,6.2694e-14,6.3697e-14,1.1388e-06,0.084624,1.1556e-06,4.1977e-08,9.8476e-14,9.4813e-14,9.4433e-14,9.4359e-14
1.3287e-14,0.00024087,1.0794e-14,7.9215e-15,7.7539e-15,7.5875e-15,7.7103e-15,1.8591e-07,0.028345,1.9036e-07,8.3093e-09,1.1947e-14,1.1498e-14,1.1451e-14,1.1443e-14
2.7973e-15,0.0010028,2.1774e-15,1.68e-15,1.6459e-15,1.6095e-15,1.6368e-15,4.4915e-08,0.0079079,5.7355e-08,1.809e-08,2.4326e-15,2.3546e-15,2.3431e-15,2.3435e-15
1.209e-14,0.003648,9.019e-15,7.3723e-15,7.2321e-15,7.0676e-15,7.1918e-15,1.301e-07,0.0019203,2.1158e-07,1.1968e-07,1.0133e-14,9.8822e-15,9.8268e-15,9.8361e-15
9.9247e-14,0.01112,7.418e-14,6.0773e-14,5.9629e-14,5.8279e-14,5.9291e-14,7.892e-07,0.0006451,1.2842e-06,7.4446e-07,8.3108e-14,8.1103e-14,8.0656e-14,8.0724e-14
9.1408e-14,9.0363e-05,7.3239e-14,5.4779e-14,5.3635e-14,5.2482e-14,5.3328e-14,3.5829e-08,9.1437e-07,0.052625,8.9705e-07,8.0792e-14,7.7836e-14,7.7475e-14,7.744e-14
1.1224e-14,0.00027009,8.942e-15,6.7016e-15,6.5609e-15,6.4192e-15,6.524e-15,9.2541e-09,1.5089e-07,0.017598,1.4814e-07,9.8969e-15,9.5329e-15,9.4879e-15,9.4847e-15
3.5556e-15,0.0011258,2.6896e-15,2.1455e-15,2.1029e-15,2.0558e-15,2.0914e-15,3.2145e-08,5.0832e-08,0.0049044,5.0598e-08,3.0128e-15,2.9243e-15,2.9086e-15,2.9103e-15
2.0986e-14,0.0041001,1.5485e-14,1.2801e-14,1.2558e-14,1.2272e-14,1.2488e-14,2.1658e-07,2.0597e-07,0.0011899,2.07e-07,1.7397e-14,1.6969e-14,1.6873e-14,1.6889e-14
1.7289e-13,0.012512,1.278e-13,1.0588e-13,1.0389e-13,1.0154e-13,1.033e-13,1.3393e-06,1.2565e-06,0.00039884,1.2628e-06,1.4316e-13,1.3971e-13,1.3894e-13,1.3905e-13
1.4458e-13,7.9207e-05,1.1692e-13,8.6645e-14,8.4847e-14,8.3033e-14,8.4362e-14,0.053977,1.6009e-06,5.3238e-08,1.5979e-06,1.2917e-13,1.2455e-13,1.2406e-13,1.2397e-13
1.7557e-14,0.00023594,1.4131e-14,1.0481e-14,1.0262e-14,1.0041e-14,1.0204e-14,0.018026,2.6144e-07,1.1664e-08,2.6105e-07,1.5658e-14,1.5091e-14,1.503e-14,1.5021e-14
3.2803e-15,0.00098241,2.5525e-15,1.9685e-15,1.9286e-15,1.8861e-15,1.918e-15,0.005017,5.4962e-08,3.14e-08,5.5023e-08,2.8507e-15,2.7592e-15,2.7461e-15,2.7464e-15
1.2175e-14,0.0035749,9.0778e-15,7.4235e-15,7.2823e-15,7.1167e-15,7.2417e-15,0.0012159,1.2413e-07,2.0871e-07,1.2487e-07,1.0198e-14,9.946e-15,9.8903e-15,9.8996e-15
9.9537e-14,0.010902,7.4342e-14,6.0951e-14,5.9804e-14,5.8449e-14,5.9464e-14,0.00040838,7.4247e-07,1.2869e-06,7.4692e-07,8.3289e-14,8.128e-14,8.0832e-14,8.09e-14
1.0938e-13,8.3011e-05,8.924e-14,6.5462e-14,6.4084e-14,6.2712e-14,6.3717e-14,1.1374e-06,4.2945e-08,1.1502e-06,0.084805,9.847e-14,9.4803e-14,9.4419e-14,9.4346e-14
1.3291e-14,0.00024805,1.0794e-14,7.924e-15,7.7561e-15,7.5896e-15,7.7125e-15,1.857e-07,8.4388e-09,1.895e-07,0.028436,1.1947e-14,1.1497e-14,1.145e-14,1.1442e-14
2.7984e-15,0.0010323,2.1788e-15,1.6807e-15,1.6466e-15,1.6101e-15,1.6375e-15,4.4913e-08,1.8027e-08,5.7255e-08,0.0079396,2.434e-15,2.356e-15,2.3444e-15,2.3448e-15
1.2097e-14,0.0037532,9.032e-15,7.3767e-15,7.2364e-15,7.0718e-15,7.196e-15,1.3033e-07,1.1916e-07,2.1177e-07,0.001929,1.0147e-14,9.8965e-15,9.841e-15,9.8503e-15
9.9312e-14,0.011432,7.4298e-14,6.0812e-14,5.9668e-14,5.8317e-14,5.933e-14,7.9082e-07,7.4155e-07,1.2856e-06,0.00064765,8.3241e-14,8.1232e-14,8.0785e-14,8.0852e-14
6.6443e-06,3.6538e-09,1.1502e-21,4.1863e-06,4.1124e-06,4.0236e-06,4.0854e-06,1.6415e-11,1.6129e-11,1.6019e-11,1.6096e-11,1.3005e-21,1.2675e-21,1.26e-21,1.2616e-21
1.6102e-07,1.4859e-07,1.086e-19,1.0044e-07,9.863e-08,9.6458e-08,9.8017e-08,2.6923e-12,2.5412e-12,4.3182e-12,2.5536e-12,1.2251e-19,1.1944e-19,1.1875e-19,1.1888e-19
1.1457e-09,1.3413e-05,2.6078e-17,7.0908e-10,6.9607e-10,6.8054e-10,6.9191e-10,4.3331e-10,4.0681e-10,7.2217e-10,4.09e-10,2.9338e-17,2.8614e-17,2.8451e-17,2.848e-17
1.9397e-11,0.00032199,2.0193e-15,1.193e-11,1.1708e-11,1.1444e-11,1.164e-11,2.3974e-08,2.2492e-08,3.9593e-08,2.2606e-08,2.2644e-15,2.2095e-15,2.1972e-15,2.1991e-15
8.7002e-12,0.014023,3.8837e-13,5.3507e-12,5.2511e-12,5.1328e-12,5.2207e-12,3.0792e-06,2.8864e-06,5.0221e-06,2.8997e-06,4.3374e-13,4.2346e-13,4.2119e-13,4.2148e-13
1.7902e-15,0.0012552,3.8776e-10,1.0876e-15,1.0667e-15,1.0424e-15,1.0609e-15,8.7936e-05,8.8071e-05,8.3102e-05,8.6049e-05,4.2921e-10,4.1954e-10,4.1748e-10,4.1757e-10
1.4261e-14,0.0047704,4.0479e-11,8.6974e-15,8.5321e-15,8.3379e-15,8.4846e-15,1.2832e-05,1.2844e-05,1.2221e-05,1.2553e-05,4.5035e-11,4.3991e-11,4.3763e-11,4.3785e-11
1.7986e-13,0.019082,6.0618e-12,1.1015e-13,1.0808e-13,1.0563e-13,1.0746e-13,3.7162e-06,3.6327e-06,4.4769e-06,3.5882e-06,6.7675e-12,6.6075e-12,6.5722e-12,6.5766e-12
4.0983e-14,0.0022537,2.9933e-14,2.507e-14,2.4597e-14,2.4039e-14,2.4458e-14,3.553e-07,3.3331e-07,2.9526e-07,3.3468e-07,3.356e-14,3.2747e-14,3.2565e-14,3.2594e-14
5.1896e-27,1.2422e-13,7.7433e-05,3.087e-27,3.0236e-27,2.9551e-27,3.0079e-27,6.7347e-14,6.7341e-14,6.3437e-14,6.5787e-14,1.0929e-06,0.081763,1.1081e-06,2.6163e-08
3.8699e-28,1.5096e-14,0.00023116,2.2978e-28,2.2504e-28,2.1994e-28,2.2389e-28,8.1534e-15,8.1524e-15,7.6773e-15,7.9641e-15,1.7869e-07,0.027395,1.8275e-07,5.8547e-09
5.2356e-29,3.1824e-15,0.0009622,3.1034e-29,3.0391e-29,2.9702e-29,3.0236e-29,1.7341e-15,1.736e-15,1.6339e-15,1.696e-15,4.3041e-08,0.0076444,5.4795e-08,1.6805e-08
3.5716e-28,1.3771e-14,0.0034992,2.1204e-28,2.0766e-28,2.0296e-28,2.0659e-28,7.6306e-15,7.65e-15,7.201e-15,7.4743e-15,1.2368e-07,0.0018566,2.0082e-07,1.1267e-07
4.7843e-27,1.1302e-13,0.010661,2.8455e-27,2.7871e-27,2.724e-27,2.7726e-27,6.2885e-14,6.3053e-14,5.9379e-14,6.1607e-14,7.483e-07,0.00062452,1.2168e-06,6.9935e-07
4.3303e-27,1.0418e-13,8.7336e-05,2.5757e-27,2.5229e-27,2.4657e-27,2.5098e-27,5.6568e-14,5.6557e-14,5.3244e-14,5.5249e-14,2.2335e-08,8.8305e-07,0.050478,8.5375e-07
3.2436e-28,1.279e-14,0.00026083,1.9259e-28,1.8862e-28,1.8434e-28,1.8765e-28,6.9195e-15,6.9183e-15,6.5112e-15,6.7582e-15,7.0869e-09,1.4589e-07,0.016895,1.4118e-07
6.7208e-29,4.0493e-15,0.0010873,3.9837e-29,3.9012e-29,3.8127e-29,3.8812e-29,2.2182e-15,2.2216e-15,2.0904e-15,2.1704e-15,3.0447e-08,4.8563e-08,0.0047111,4.8048e-08
6.3031e-28,2.3887e-14,0.0039607,3.7421e-28,3.6649e-28,3.5819e-28,3.6461e-28,1.324e-14,1.3274e-14,1.2495e-14,1.2969e-14,2.0633e-07,1.945e-07,0.0011436,1.9555e-07
8.4566e-27,1.9671e-13,0.012087,5.0298e-27,4.9265e-27,4.815e-27,4.9009e-27,1.0947e-13,1.0977e-13,1.0337e-13,1.0725e-13,1.2735e-06,1.1835e-06,0.0003839,1.1902e-06
6.9384e-27,1.6372e-13,7.5578e-05,4.127e-27,4.0423e-27,3.9508e-27,4.0214e-27,8.9845e-14,8.9967e-14,8.4698e-14,8.7896e-14,0.052509,1.5416e-06,3.3586e-08,1.5344e-06
5.1723e-28,1.9884e-14,0.000225,3.071e-28,3.0076e-28,2.9395e-28,2.9921e-28,1.087e-14,1.0884e-14,1.0243e-14,1.0633e-14,0.017547,2.5204e-07,8.5665e-09,2.5095e-07
6.1665e-29,3.7241e-15,0.00093678,3.6551e-29,3.5794e-29,3.4982e-29,3.5611e-29,2.0402e-15,2.0438e-15,1.9229e-15,1.9967e-15,0.0048854,5.2676e-08,2.9491e-08,5.2629e-08
3.5889e-28,1.3864e-14,0.0034085,2.1306e-28,2.0867e-28,2.0394e-28,2.0759e-28,7.6827e-15,7.7024e-15,7.2501e-15,7.5254e-15,0.0011844,1.1698e-07,1.9798e-07,1.1768e-07
4.799e-27,1.1332e-13,0.010392,2.8543e-27,2.7956e-27,2.7324e-27,2.7811e-27,6.3053e-14,6.3223e-14,5.9538e-14,6.1772e-14,0.00039839,6.9728e-07,1.2193e-06,7.0152e-07
5.1968e-27,1.2446e-13,7.8565e-05,3.0912e-27,3.0278e-27,2.9592e-27,3.0121e-27,6.7481e-14,6.7466e-14,6.3535e-14,6.5907e-14,1.0918e-06,2.6148e-08,1.102e-06,0.081877
3.8751e-28,1.5124e-14,0.00023457,2.3009e-28,2.2534e-28,2.2023e-28,2.2418e-28,8.1685e-15,8.1665e-15,7.6884e-15,7.9777e-15,1.785e-07,5.8389e-09,1.8178e-07,0.027469
5.2396e-29,3.1859e-15,0.0009762,3.1058e-29,3.0414e-29,2.9724e-29,3.0259e-29,1.736e-15,1.7378e-15,1.6354e-15,1.6977e-15,4.3026e-08,1.671e-08,5.4666e-08,0.0076722
3.5724e-28,1.3776e-14,0.0035491,2.1208e-28,2.0771e-28,2.03e-28,2.0664e-28,7.6333e-15,7.6528e-15,7.2035e-15,7.477e-15,1.2378e-07,1.1205e-07,2.0088e-07,0.0018646
4.7854e-27,1.1306e-13,0.01081,2.8461e-27,2.7877e-27,2.7246e-27,2.7732e-27,6.2909e-14,6.3077e-14,5.9402e-14,6.163e-14,7.49e-07,6.9576e-07,1.2174e-06,0.00062723
5.4092e-18,7.5692e-06,4.0031e-09,3.2509e-18,3.1858e-18,3.1142e-18,3.1685e-18,4.3304e-06,4.3441e-06,4.1064e-06,4.2453e-06,1.8064e-11,1.7757e-11,1.7663e-11,1.7661e-11
5.4886e-20,1.8369e-07,1.6255e-07,3.2881e-20,3.2217e-20,3.1492e-20,3.2045e-20,1.0408e-07,1.044e-07,9.8548e-08,1.0202e-07,2.6087e-12,2.445e-12,4.1362e-12,2.4571e-12
1.8321e-22,1.3084e-09,1.4642e-05,1.0945e-22,1.0723e-22,1.0481e-22,1.0666e-22,7.3575e-10,7.379e-10,6.9583e-10,7.2103e-10,4.1257e-10,3.8386e-10,6.8404e-10,3.8623e-10
1.583e-24,2.2173e-11,0.00035028,9.4338e-25,9.241e-25,9.0321e-25,9.1927e-25,1.2391e-11,1.2426e-11,1.1708e-11,1.2141e-11,2.2794e-08,2.119e-08,3.7471e-08,2.1314e-08
7.0101e-25,9.8677e-12,0.015153,4.1774e-25,4.092e-25,3.9995e-25,4.0706e-25,5.5143e-12,5.5297e-12,5.2102e-12,5.403e-12,2.9225e-06,2.714e-06,4.7478e-06,2.7286e-06
3.3244e-29,1.9886e-15,0.0014138,1.9704e-29,1.9296e-29,1.8859e-29,1.9198e-29,1.0983e-15,1.101e-15,1.036e-15,1.0757e-15,4.972e-05,4.8331e-05,4.7361e-05,4.8296e-05
4.1504e-28,1.6275e-14,0.0054469,2.4639e-28,2.413e-28,2.3584e-28,2.4006e-28,9.0198e-15,9.043e-15,8.512e-15,8.8352e-15,7.0726e-06,6.8673e-06,6.8368e-06,6.8667e-06
8.7725e-27,2.053e-13,0.021648,5.2176e-27,5.1104e-27,4.9948e-27,5.0839e-27,1.1425e-13,1.1455e-13,1.0788e-13,1.1193e-13,2.5808e-06,2.4517e-06,3.3599e-06,2.46e-06
1.7781e-27,4.6548e-14,0.0022215,1.0572e-27,1.0355e-27,1.012e-27,1.0301e-27,2.5875e-14,2.5944e-14,2.4429e-14,2.5348e-14,3.3888e-07,3.1489e-07,2.7711e-07,3.1655e-07
1.6481e-08,1.9056e-14,9.2901e-28,9.9482e-09,9.7353e-09,9.5249e-09,9.6769e-09,2.0638e-14,2.0255e-14,2.0125e-14,2.0225e-14,1.0514e-27,1.0192e-27,1.0136e-27,1.0145e-27
6.5261e-08,8.8287e-14,6.4319e-27,3.9577e-08,3.8734e-08,3.7899e-08,3.8497e-08,9.5411e-14,9.3668e-14,9.3063e-14,9.3523e-14,7.2716e-27,7.0503e-27,7.0115e-27,7.0173e-27
1.0134e-05,1.8348e-11,2.4555e-24,6.2027e-06,6.0718e-06,5.9417e-06,6.0328e-06,1.9752e-11,1.9401e-11,1.9274e-11,1.9369e-11,2.7718e-24,2.6881e-24,2.6734e-24,2.6755e-24
6.4174e-05,1.6431e-10,4.2098e-23,3.9728e-05,3.8897e-05,3.8071e-05,3.8632e-05,1.7607e-10,1.7305e-10,1.719e-10,1.7273e-10,4.7441e-23,4.602e-23,4.5771e-23,4.5804e-23
1.8102e-08,2.0642e-14,9.8119e-28,1.093e-08,1.0694e-08,1.046e-08,1.0629e-08,2.2389e-14,2.1981e-14,2.1839e-14,2.1949e-14,1.1105e-27,1.0765e-27,1.0706e-27,1.0715e-27
6.5653e-08,8.8676e-14,6.4577e-27,3.9844e-08,3.8986e-08,3.8134e-08,3.8745e-08,9.596e-14,9.4244e-14,9.3628e-14,9.4099e-14,7.3008e-27,7.0786e-27,7.0397e-27,7.0454e-27
1.0175e-05,1.8406e-11,2.4645e-24,6.2328e-06,6.0996e-06,5.9668e-06,6.0601e-06,1.9843e-11,1.9498e-11,1.9369e-11,1.9466e-11,2.782e-24,2.698e-24,2.6833e-24,2.6853e-24
6.445e-05,1.6484e-10,4.2253e-23,3.9931e-05,3.9082e-05,3.8238e-05,3.8814e-05,1.7689e-10,1.7394e-10,1.7277e-10,1.7362e-10,4.7615e-23,4.6189e-23,4.5939e-23,4.5972e-23
1.6502e-08,1.9086e-14,9.3137e-28,9.9664e-09,9.7534e-09,9.542e-09,9.6946e-09,2.0683e-14,2.0301e-14,2.017e-14,2.027e-14,1.0541e-27,1.0218e-27,1.0162e-27,1.017e-27
6.5476e-08,8.8581e-14,6.4558e-27,3.9729e-08,3.8884e-08,3.8043e-08,3.8644e-08,9.5786e-14,9.4043e-14,9.3431e-14,9.3895e-14,7.2986e-27,7.0765e-27,7.0376e-27,7.0434e-27
1.0167e-05,1.8409e-11,2.4646e-24,6.2264e-06,6.0952e-06,5.9641e-06,6.0558e-06,1.983e-11,1.9479e-11,1.935e-11,1.9446e-11,2.7821e-24,2.6981e-24,2.6833e-24,2.6854e-24
6.4381e-05,1.6485e-10,4.2253e-23,3.9877e-05,3.9043e-05,3.8212e-05,3.8776e-05,1.7675e-10,1.7373e-10,1.7257e-10,1.7341e-10,4.7616e-23,4.619e-23,4.594e-23,4.5973e-23
1.6466e-08,1.9038e-14,9.2846e-28,9.9395e-09,9.7263e-09,9.5156e-09,9.6679e-09,2.0622e-14,2.024e-14,2.0111e-14,2.0211e-14,1.0508e-27,1.0186e-27,1.013e-27,1.0139e-27
6.5268e-08,8.8282e-14,6.4318e-27,3.9583e-08,3.8738e-08,3.7901e-08,3.85e-08,9.5421e-14,9.3684e-14,9.3079e-14,9.354e-14,7.2715e-27,7.0502e-27,7.0115e-27,7.0172e-27
1.0136e-05,1.8347e-11,2.4555e-24,6.2041e-06,6.0728e-06,5.9423e-06,6.0337e-06,1.9755e-11,1.9405e-11,1.9278e-11,1.9373e-11,2.7718e-24,2.6881e-24,2.6734e-24,2.6755e-24
6.4189e-05,1.6431e-10,4.2097e-23,3.974e-05,3.8905e-05,3.8077e-05,3.864e-05,1.761e-10,1.7309e-10,1.7194e-10,1.7277e-10,4.7441e-23,4.602e-23,4.577e-23,4.5804e-23
5.5512e-06,4.5103e-12,3.8306e-25,0.060282,3.4867e-06,1.7686e-06,3.4591e-06,4.874e-12,4.7821e-12,4.7501e-12,4.7737e-12,4.3294e-25,4.1978e-25,4.1748e-25,4.1782e-25
1.6285e-05,2.9803e-11,4.131e-24,0.015126,9.8198e-06,9.435e-06,9.7562e-06,3.2101e-11,3.1506e-11,3.1294e-11,3.1447e-11,4.6629e-24,4.5221e-24,4.4974e-24,4.5009e-24
0.00011123,2.8749e-10,7.3973e-23,0.0040122,6.7693e-05,6.628e-05,6.7234e-05,3.082e-10,3.0262e-10,3.0056e-10,3.02e-10,8.3361e-23,8.0864e-23,8.0426e-23,8.0485e-23
4.859e-06,4.4632e-12,3.78e-25,3.6947e-06,0.094331,3.6552e-06,1.7755e-06,4.8147e-12,4.7226e-12,4.6916e-12,4.7142e-12,4.2723e-25,4.1425e-25,4.1197e-25,4.1231e-25
1.6029e-05,2.9445e-11,4.0721e-24,9.9103e-06,0.023697,9.5261e-06,9.4511e-06,3.166e-11,3.1064e-11,3.0859e-11,3.1005e-11,4.5965e-24,4.4577e-24,4.4333e-24,4.4368e-24
0.00011002,2.8414e-10,7.2929e-23,6.82e-05,0.0063035,6.5521e-05,6.6385e-05,3.0407e-10,2.9847e-10,2.9648e-10,2.9785e-10,8.2186e-23,7.9724e-23,7.9292e-23,7.935e-23
4.8389e-06,4.5301e-12,3.8409e-25,1.8514e-06,3.2921e-06,0.058013,3.2477e-06,4.8918e-12,4.7981e-12,4.7661e-12,4.7895e-12,4.3411e-25,4.2092e-25,4.1861e-25,4.1895e-25
1.6228e-05,2.9862e-11,4.1357e-24,9.8434e-06,9.8126e-06,0.014536,9.7472e-06,3.214e-11,3.1533e-11,3.1321e-11,3.1473e-11,4.6682e-24,4.5272e-24,4.5025e-24,4.506e-24
0.00011139,2.8808e-10,7.406e-23,6.9099e-05,6.7794e-05,0.0038775,6.7337e-05,3.0857e-10,3.0287e-10,3.0082e-10,3.0224e-10,8.346e-23,8.096e-23,8.0522e-23,8.058e-23
4.9005e-06,4.4641e-12,3.7805e-25,3.7185e-06,1.787e-06,3.674e-06,0.09353,4.8155e-12,4.7233e-12,4.6924e-12,4.7149e-12,4.2728e-25,4.143e-25,4.1202e-25,4.1236e-25
1.6034e-05,2.9447e-11,4.0722e-24,9.9133e-06,9.5125e-06,9.5288e-06,0.023517,3.1662e-11,3.1065e-11,3.086e-11,3.1006e-11,4.5966e-24,4.4578e-24,4.4335e-24,4.4369e-24
0.00011002,2.8416e-10,7.2932e-23,6.8203e-05,6.6841e-05,6.5525e-05,0.0062597,3.0408e-10,2.9848e-10,2.9649e-10,2.9786e-10,8.2189e-23,7.9727e-23,7.9295e-23,7.9353e-23
6.3247e-12,5.3328e-06,3.7511e-13,3.8073e-12,3.729e-12,3.6496e-12,3.7072e-12,0.086424,3.8697e-06,1.396e-07,3.8612e-06,4.1326e-13,3.9867e-13,3.9716e-13,3.9681e-13
1.4664e-11,4.1509e-08,1.9394e-15,8.8276e-12,8.6461e-12,8.462e-12,8.5956e-12,0.0020837,3.0111e-08,9.3569e-10,3.0059e-08,2.1448e-15,2.0677e-15,2.0595e-15,2.0581e-15
8.6686e-10,7.5004e-10,2.4924e-17,5.2533e-10,5.1466e-10,5.0377e-10,5.1156e-10,8.902e-05,5.4391e-10,1.4902e-11,5.4316e-10,2.7651e-17,2.6641e-17,2.6533e-17,2.6517e-17
1.2197e-07,4.3616e-12,1.0336e-19,7.4524e-08,7.3031e-08,7.1502e-08,7.2574e-08,1.0019e-06,3.2271e-12,2.7962e-13,3.2234e-12,1.1497e-19,1.1071e-19,1.1026e-19,1.102e-19
5.0407e-06,1.1361e-11,1.0916e-21,3.1127e-06,3.0513e-06,2.9884e-06,3.0312e-06,2.4887e-08,1.1959e-11,1.1838e-11,1.1936e-11,1.2168e-21,1.1713e-21,1.1664e-21,1.1659e-21
6.247e-12,4.0755e-06,4.4969e-13,3.7559e-12,3.6775e-12,3.5991e-12,3.656e-12,4.2627e-06,0.13622,4.3259e-06,1.7227e-07,4.9477e-13,4.7662e-13,4.7476e-13,4.7433e-13
1.4451e-11,3.1473e-08,2.328e-15,8.6891e-12,8.5079e-12,8.3266e-12,8.4582e-12,3.3213e-08,0.0032845,3.3745e-08,1.1582e-09,2.5714e-15,2.4753e-15,2.4653e-15,2.4635e-15
8.5454e-10,5.6533e-10,2.995e-17,5.1724e-10,5.0657e-10,4.9584e-10,5.0352e-10,6.0049e-10,0.00014029,6.1067e-10,1.8486e-11,3.3186e-17,3.1928e-17,3.1796e-17,3.1776e-17
1.2028e-07,3.3181e-12,1.2431e-19,7.3405e-08,7.191e-08,7.04e-08,7.1459e-08,3.5443e-12,1.5785e-06,3.598e-12,2.9543e-13,1.3811e-19,1.3281e-19,1.3225e-19,1.3218e-19
4.9732e-06,1.1181e-11,1.3133e-21,3.0676e-06,3.006e-06,2.9438e-06,2.9862e-06,1.1999e-11,3.9194e-08,1.1705e-11,1.1716e-11,1.4623e-21,1.4056e-21,1.3996e-21,1.3989e-21
6.3844e-12,3.984e-06,3.6852e-13,3.8437e-12,3.764e-12,3.6834e-12,3.7421e-12,1.4484e-07,3.415e-06,0.084387,3.35e-06,4.0528e-13,3.9064e-13,3.8885e-13,3.8863e-13
1.469e-11,3.0708e-08,1.9054e-15,8.8445e-12,8.6613e-12,8.4757e-12,8.6107e-12,9.7217e-10,2.6534e-08,0.002031,2.6033e-08,2.1039e-15,2.0266e-15,2.0172e-15,2.0163e-15
8.6861e-10,5.5084e-10,2.4488e-17,5.2646e-10,5.1567e-10,5.0469e-10,5.1256e-10,1.5499e-11,4.7875e-10,8.6696e-05,4.6977e-10,2.7127e-17,2.6117e-17,2.5994e-17,2.5986e-17
1.2225e-07,3.2379e-12,1.0156e-19,7.4709e-08,7.3198e-08,7.1652e-08,7.2739e-08,2.884e-13,2.8635e-12,9.7524e-07,2.8135e-12,1.1281e-19,1.0856e-19,1.0804e-19,1.0801e-19
5.0547e-06,1.1364e-11,1.0724e-21,3.1218e-06,3.0596e-06,2.9959e-06,3.0393e-06,1.2168e-11,1.1984e-11,2.4215e-08,1.196e-11,1.194e-21,1.1487e-21,1.1432e-21,1.1429e-21
6.2487e-12,4.1893e-06,4.4973e-13,3.757e-12,3.6785e-12,3.6001e-12,3.657e-12,4.2563e-06,1.763e-07,4.3053e-06,0.13543,4.9476e-13,4.7659e-13,4.7471e-13,4.7428e-13
1.4455e-11,3.2371e-08,2.3282e-15,8.6916e-12,8.5101e-12,8.3286e-12,8.4604e-12,3.3163e-08,1.1853e-09,3.3586e-08,0.0032704,2.5714e-15,2.4752e-15,2.4651e-15,2.4633e-15
8.5479e-10,5.8171e-10,2.9953e-17,5.174e-10,5.0672e-10,4.9597e-10,5.0366e-10,5.996e-10,1.8921e-11,6.0779e-10,0.0001398,3.3187e-17,3.1927e-17,3.1794e-17,3.1774e-17
1.2032e-07,3.4098e-12,1.2433e-19,7.3432e-08,7.1935e-08,7.0422e-08,7.1483e-08,3.5394e-12,2.9803e-13,3.5822e-12,1.5738e-06,1.3811e-19,1.3281e-19,1.3224e-19,1.3217e-19
4.9753e-06,1.1185e-11,1.3134e-21,3.069e-06,3.0073e-06,2.9449e-06,2.9874e-06,1.2003e-11,1.1743e-11,1.1709e-11,3.9093e-08,1.4623e-21,1.4056e-21,1.3995e-21,1.3989e-21
2.0636e-21,1.8502e-08,2.0588e-14,1.2315e-21,1.2064e-21,1.1792e-21,1.2001e-21,1.0115e-08,1.0107e-08,9.5159e-09,9.873e-09,2.2752e-14,2.1895e-14,2.183e-14,2.1802e-14
1.3346e-20,7.4716e-08,9.7003e-14,7.9796e-21,7.8179e-21,7.6415e-21,7.7765e-21,4.1028e-08,4.0995e-08,3.8608e-08,4.0047e-08,1.0696e-13,1.0298e-13,1.0269e-13,1.0255e-13
4.539e-18,1.1601e-05,2.015e-11,2.7217e-18,2.6669e-18,2.6069e-18,2.6526e-18,6.427e-06,6.4215e-06,6.0511e-06,6.273e-06,2.2127e-11,2.1323e-11,2.1268e-11,2.1234e-11
6.8645e-17,7.342e-05,1.8029e-10,4.1292e-17,4.0467e-17,3.9558e-17,4.0247e-17,4.1118e-05,4.1075e-05,3.8735e-05,4.0126e-05,1.9702e-10,1.9005e-10,1.8962e-10,1.8926e-10
2.0729e-21,1.8588e-08,2.0678e-14,1.2371e-21,1.2119e-21,1.1845e-21,1.2055e-21,1.0167e-08,1.0159e-08,9.5641e-09,9.924e-09,2.286e-14,2.2007e-14,2.1942e-14,2.1914e-14
1.3396e-20,7.4979e-08,9.7329e-14,8.0098e-21,7.8475e-21,7.6704e-21,7.806e-21,4.1194e-08,4.1161e-08,3.8759e-08,4.0208e-08,1.0736e-13,1.034e-13,1.0311e-13,1.0297e-13
4.5562e-18,1.1641e-05,2.0216e-11,2.732e-18,2.677e-18,2.6167e-18,2.6626e-18,6.4527e-06,6.447e-06,6.0742e-06,6.2979e-06,2.2209e-11,2.141e-11,2.1355e-11,2.1321e-11
6.8903e-17,7.3673e-05,1.8088e-10,4.1447e-17,4.0619e-17,3.9706e-17,4.0398e-17,4.128e-05,4.1236e-05,3.888e-05,4.0282e-05,1.9774e-10,1.9082e-10,1.9039e-10,1.9003e-10
2.0664e-21,1.8495e-08,2.059e-14,1.2332e-21,1.2081e-21,1.1808e-21,1.2018e-21,1.0117e-08,1.0109e-08,9.5169e-09,9.8747e-09,2.2762e-14,2.1912e-14,2.1847e-14,2.1819e-14
1.3395e-20,7.4965e-08,9.7324e-14,8.0094e-21,7.8471e-21,7.67e-21,7.8055e-21,4.1186e-08,4.1153e-08,3.8754e-08,4.0201e-08,1.0735e-13,1.0339e-13,1.031e-13,1.0295e-13
4.556e-18,1.164e-05,2.0217e-11,2.7319e-18,2.6769e-18,2.6166e-18,2.6626e-18,6.452e-06,6.4464e-06,6.074e-06,6.2973e-06,2.2208e-11,2.1408e-11,2.1353e-11,2.1319e-11
6.8901e-17,7.3663e-05,1.8088e-10,4.1445e-17,4.0617e-17,3.9705e-17,4.0397e-17,4.1275e-05,4.1232e-05,3.8879e-05,4.0278e-05,1.9773e-10,1.908e-10,1.9037e-10,1.9001e-10
2.0586e-21,1.8434e-08,2.0516e-14,1.2286e-21,1.2036e-21,1.1764e-21,1.1972e-21,1.0078e-08,1.0069e-08,9.4786e-09,9.8358e-09,2.2677e-14,2.1825e-14,2.1761e-14,2.1733e-14
1.3347e-20,7.4735e-08,9.6994e-14,7.9805e-21,7.8187e-21,7.6423e-21,7.7773e-21,4.1038e-08,4.1003e-08,3.8609e-08,4.0054e-08,1.0697e-13,1.03e-13,1.0272e-13,1.0257e-13
4.5397e-18,1.1605e-05,2.0149e-11,2.7221e-18,2.6673e-18,2.6072e-18,2.653e-18,6.4297e-06,6.4237e-06,6.0518e-06,6.275e-06,2.2131e-11,2.1329e-11,2.1276e-11,2.1241e-11
6.8656e-17,7.3458e-05,1.8028e-10,4.1298e-17,4.0473e-17,3.9564e-17,4.0253e-17,4.1139e-05,4.1093e-05,3.8742e-05,4.0142e-05,1.9706e-10,1.9011e-10,1.897e-10,1.8933e-10
1.6356e-13,5.8334e-06,4.9377e-12,9.8024e-14,9.599e-14,9.3938e-14,9.5442e-14,0.062028,3.65e-06,1.796e-06,3.6043e-06,5.4381e-12,5.2465e-12,5.2267e-12,5.222e-12
1.2962e-14,1.8523e-05,3.264e-11,7.7342e-15,7.5724e-15,7.4099e-15,7.5299e-15,0.015616,1.0351e-05,9.5879e-06,1.0117e-05,3.5829e-11,3.4587e-11,3.4461e-11,3.4425e-11
1.6895e-15,0.00012679,3.1455e-10,1.0057e-15,9.8457e-16,9.6333e-16,9.7913e-16,0.004117,7.1255e-05,6.7285e-05,6.962e-05,3.4361e-10,3.3198e-10,3.3085e-10,3.3042e-10
1.9572e-13,5.1814e-06,4.8858e-12,1.1716e-13,1.1469e-13,1.1224e-13,1.1404e-13,3.8177e-06,0.098921,3.751e-06,1.838e-06,5.3743e-12,5.1773e-12,5.1572e-12,5.1524e-12
1.5527e-14,1.824e-05,3.2269e-11,9.2537e-15,9.0576e-15,8.8634e-15,9.0067e-15,1.0237e-05,0.02495,9.6861e-06,9.7964e-06,3.5375e-11,3.4099e-11,3.3971e-11,3.3934e-11
2.0093e-15,0.00012534,3.1109e-10,1.1944e-15,1.1691e-15,1.1439e-15,1.1626e-15,7.0347e-05,0.006605,6.6526e-05,6.8721e-05,3.3937e-10,3.274e-10,3.2624e-10,3.2581e-10
1.6033e-13,5.186e-06,4.9728e-12,9.6098e-14,9.4092e-14,9.2068e-14,9.3553e-14,1.9131e-06,3.438e-06,0.058897,3.3657e-06,5.4671e-12,5.2699e-12,5.2458e-12,5.2428e-12
1.2708e-14,1.847e-05,3.2781e-11,7.5835e-15,7.4238e-15,7.2637e-15,7.3822e-15,1.0169e-05,1.0346e-05,0.014792,1.0111e-05,3.5915e-11,3.4637e-11,3.4482e-11,3.4458e-11
1.6698e-15,0.00012688,3.1598e-10,9.9403e-16,9.7307e-16,9.5198e-16,9.6769e-16,7.1276e-05,7.1374e-05,0.0039494,6.9749e-05,3.4443e-10,3.3244e-10,3.31e-10,3.3069e-10
1.9575e-13,5.238e-06,4.8904e-12,1.1717e-13,1.1471e-13,1.1225e-13,1.1405e-13,3.816e-06,1.883e-06,3.7434e-06,0.096663,5.3787e-12,5.1814e-12,5.1609e-12,5.1563e-12
1.5529e-14,1.8247e-05,3.2277e-11,9.2549e-15,9.0586e-15,8.8642e-15,9.0077e-15,1.0237e-05,1.0027e-05,9.6872e-06,0.02438,3.538e-11,3.4102e-11,3.3972e-11,3.3936e-11
2.0103e-15,0.00012534,3.1117e-10,1.195e-15,1.1696e-15,1.1444e-15,1.1632e-15,7.035e-05,7.0339e-05,6.654e-05,0.0064592,3.3941e-10,3.2742e-10,3.2624e-10,3.2582e-10
5.0172e-25,7.1343e-12,4.9282e-06,2.99e-25,2.9289e-25,2.8627e-25,2.9136e-25,3.932e-12,3.9376e-12,3.7086e-12,3.8471e-12,0.093957,3.7037e-06,8.804e-08,3.6853e-06
1.1874e-24,1.6775e-11,3.8417e-08,7.0763e-25,6.9317e-25,6.7749e-25,6.8955e-25,9.2458e-12,9.2591e-12,8.7204e-12,9.0461e-12,0.0022846,2.8837e-08,5.7984e-10,2.8705e-08
1.3747e-22,9.9107e-10,6.9501e-10,8.213e-23,8.0462e-23,7.8645e-23,8.0037e-23,5.4975e-10,5.5057e-10,5.1888e-10,5.3793e-10,9.8031e-05,5.2116e-10,9.1177e-12,5.1892e-10
4.1198e-20,1.3934e-07,4.0774e-12,2.4682e-20,2.4184e-20,2.364e-20,2.4055e-20,7.79e-08,7.8022e-08,7.3591e-08,7.6234e-08,1.1063e-06,3.1251e-12,2.7368e-13,3.1122e-12
4.062e-18,5.7538e-06,1.2368e-11,2.4414e-18,2.3925e-18,2.3387e-18,2.3795e-18,3.2488e-06,3.2539e-06,3.0726e-06,3.1795e-06,2.7534e-08,1.3277e-11,1.3172e-11,1.3212e-11
4.9412e-25,7.0666e-12,3.7467e-06,2.9449e-25,2.8847e-25,2.8195e-25,2.8697e-25,3.8487e-12,3.8486e-12,3.6268e-12,3.7599e-12,4.0706e-06,0.14749,4.1236e-06,1.0727e-07
1.1655e-24,1.6558e-11,2.9012e-08,6.9464e-25,6.8045e-25,6.6506e-25,6.7689e-25,9.0187e-12,9.0184e-12,8.4987e-12,8.8105e-12,3.1748e-08,0.0035809,3.2196e-08,7.0869e-10
1.3495e-22,9.7859e-10,5.223e-10,8.0631e-23,7.8994e-23,7.721e-23,7.8577e-23,5.3651e-10,5.3653e-10,5.0589e-10,5.2418e-10,5.7448e-10,0.0001535,5.8304e-10,1.1169e-11
4.0449e-20,1.3765e-07,3.1047e-12,2.4235e-20,2.3746e-20,2.3211e-20,2.3619e-20,7.6077e-08,7.6082e-08,7.1789e-08,7.4333e-08,3.4268e-12,1.7311e-06,3.4673e-12,2.7813e-13
3.9887e-18,5.6876e-06,1.2274e-11,2.3975e-18,2.3495e-18,2.2967e-18,2.3368e-18,3.1758e-06,3.1759e-06,2.9996e-06,3.103e-06,1.3421e-11,4.3049e-08,1.2905e-11,1.2845e-11
5.0649e-25,7.2456e-12,3.7062e-06,3.0186e-25,2.9569e-25,2.89e-25,2.9415e-25,3.952e-12,3.9514e-12,3.7212e-12,3.8601e-12,8.9603e-08,3.2862e-06,0.091189,3.1775e-06
1.1874e-24,1.6882e-11,2.8619e-08,7.0772e-25,6.9326e-25,6.7758e-25,6.8964e-25,9.2086e-12,9.2072e-12,8.6708e-12,8.9945e-12,5.9093e-10,2.5559e-08,0.0022118,2.4709e-08
1.3751e-22,9.9809e-10,5.1414e-10,8.2157e-23,8.0489e-23,7.8671e-23,8.0064e-23,5.4799e-10,5.4792e-10,5.1626e-10,5.3528e-10,9.3014e-12,4.6154e-10,9.4792e-05,4.4613e-10
4.1219e-20,1.4046e-07,3.0586e-12,2.4697e-20,2.4198e-20,2.3653e-20,2.4069e-20,7.7738e-08,7.7729e-08,7.3283e-08,7.5938e-08,2.8289e-13,2.7911e-12,1.069e-06,2.7043e-12
4.0653e-18,5.8075e-06,1.2498e-11,2.4435e-18,2.3946e-18,2.3408e-18,2.3816e-18,3.2471e-06,3.2465e-06,3.0635e-06,3.1718e-06,1.3645e-11,1.3218e-11,2.6581e-08,1.3157e-11
4.9487e-25,7.0827e-12,3.8017e-06,2.9494e-25,2.8892e-25,2.8238e-25,2.8741e-25,3.8575e-12,3.8568e-12,3.6334e-12,3.7678e-12,4.0657e-06,1.0726e-07,4.1006e-06,0.14593
1.1666e-24,1.6586e-11,2.9447e-08,6.953e-25,6.8109e-25,6.6569e-25,6.7754e-25,9.0341e-12,9.0325e-12,8.5092e-12,8.824e-12,3.1713e-08,7.084e-10,3.2022e-08,0.0035492
1.3509e-22,9.8048e-10,5.3024e-10,8.0712e-23,7.9074e-23,7.7288e-23,7.8656e-23,5.3755e-10,5.3748e-10,5.066e-10,5.2509e-10,5.7386e-10,1.1162e-11,5.7998e-10,0.00015229
4.0493e-20,1.3796e-07,3.1494e-12,2.4261e-20,2.3772e-20,2.3236e-20,2.3645e-20,7.6246e-08,7.6237e-08,7.1905e-08,7.4482e-08,3.4239e-12,2.7952e-13,3.4509e-12,1.7184e-06
3.9934e-18,5.7026e-06,1.2289e-11,2.4003e-18,2.3522e-18,2.2994e-18,2.3395e-18,3.1841e-06,3.1836e-06,3.0054e-06,3.1104e-06,1.3444e-11,1.2931e-11,1.2932e-11,4.2747e-08
1.0756e-06,7.7796e-14,4.009e-27,0.00033074,0.075038,1.0621e-06,3.8869e-08,8.4184e-14,8.2548e-14,8.2013e-14,8.241e-14,4.5367e-27,4.398e-27,4.3738e-27,4.3775e-27
1.7704e-07,9.4022e-15,2.9833e-28,0.00098402,0.024974,1.7128e-07,8.4453e-09,1.0203e-14,1.0002e-14,9.9376e-15,9.9862e-15,3.3799e-28,3.2759e-28,3.2578e-28,3.2606e-28
5.8646e-08,1.8971e-15,3.8422e-29,0.0040726,0.0069344,2.5436e-08,2.2595e-08,2.065e-15,2.0241e-15,2.0111e-15,2.0211e-15,4.3575e-29,4.2228e-29,4.1993e-29,4.2031e-29
2.3529e-07,7.885e-15,2.4877e-28,0.014696,0.0016781,7.8764e-09,1.5098e-07,8.5711e-15,8.4044e-15,8.3493e-15,8.3915e-15,2.8184e-28,2.7317e-28,2.7165e-28,2.7189e-28
1.4376e-06,6.5033e-14,3.3383e-27,0.04428,0.00056526,3.2333e-08,9.3715e-07,7.0498e-14,6.9147e-14,6.8689e-14,6.9033e-14,3.7778e-27,3.6622e-27,3.642e-27,3.6451e-27
1.9421e-10,3.8097e-18,4.8747e-32,4.4052e-05,1.2741e-10,3.1193e-12,1.2625e-10,4.16e-18,4.0772e-18,4.051e-18,4.0716e-18,5.534e-32,5.3621e-32,5.3322e-32,5.3371e-32
8.7341e-10,2.0686e-17,3.7867e-31,0.0001341,5.7384e-10,1.5055e-11,5.6856e-10,2.2551e-17,2.2106e-17,2.1963e-17,2.2074e-17,4.2953e-31,4.1624e-31,4.1392e-31,4.143e-31
1.7533e-07,5.6435e-15,1.7088e-28,0.012415,1.155e-07,3.397e-09,1.1442e-07,6.1362e-15,6.0168e-15,5.9774e-15,6.0075e-15,1.9362e-28,1.8766e-28,1.8662e-28,1.8678e-28
1.4848e-06,6.7562e-14,3.4894e-27,0.043274,9.8117e-07,3.2749e-08,9.7187e-07,7.3236e-14,7.1833e-14,7.1357e-14,7.1715e-14,3.9487e-27,3.8279e-27,3.8068e-27,3.81e-27
1.0975e-06,7.7788e-14,4.0089e-27,0.000335,3.91e-08,1.0714e-06,0.074118,8.4174e-14,8.2538e-14,8.2003e-14,8.24e-14,4.5366e-27,4.3978e-27,4.3736e-27,4.3773e-27
1.8061e-07,9.4015e-15,2.9831e-28,0.00099632,8.5049e-09,1.7282e-07,0.024686,1.0202e-14,1.0001e-14,9.9366e-15,9.9851e-15,3.3797e-28,3.2758e-28,3.2576e-28,3.2605e-28
5.9177e-08,1.8972e-15,3.8423e-29,0.0041226,2.2811e-08,2.5665e-08,0.0068583,2.0651e-15,2.0241e-15,2.0112e-15,2.0212e-15,4.3576e-29,4.2229e-29,4.1994e-29,4.2032e-29
2.3542e-07,7.8865e-15,2.4879e-28,0.014872,1.5246e-07,7.9085e-09,0.0016603,8.5727e-15,8.406e-15,8.3509e-15,8.3931e-15,2.8187e-28,2.732e-28,2.7168e-28,2.7192e-28
1.438e-06,6.5047e-14,3.3387e-27,0.044793,9.4655e-07,3.2348e-08,0.00055922,7.0513e-14,6.9162e-14,6.8703e-14,6.9048e-14,3.7782e-27,3.6627e-27,3.6425e-27,3.6455e-27
4.3877e-08,1.7801e-15,8.0632e-29,0.0019442,2.9074e-08,9.2491e-10,2.8799e-08,1.9314e-15,1.8942e-15,1.8817e-15,1.8912e-15,9.1268e-29,8.8473e-29,8.7984e-29,8.8059e-29
5.6184e-06,3.4451e-13,2.8244e-26,0.081305,3.7371e-06,1.3804e-07,3.701e-06,3.7239e-13,3.6536e-13,3.6292e-13,3.6472e-13,3.1924e-26,3.0954e-26,3.0784e-26,3.0809e-26
2.2526e-07,1.7374e-14,7.9852e-28,0.010986,2.8373e-07,8.961e-09,2.8095e-07,1.8849e-14,1.8486e-14,1.8364e-14,1.8456e-14,9.0383e-28,8.7616e-28,8.7132e-28,8.7206e-28
1.4398e-10,4.5946e-18,5.8945e-32,1.4178e-10,6.8353e-05,1.442e-10,3.8105e-12,5.0086e-18,4.9076e-18,4.8768e-18,4.9008e-18,6.6918e-32,6.4839e-32,6.4477e-32,6.4537e-32
6.487e-10,2.4918e-17,4.5757e-31,6.3779e-10,0.00020788,6.484e-10,1.836e-11,2.7118e-17,2.6576e-17,2.6408e-17,2.6537e-17,5.1903e-31,5.0297e-31,5.0017e-31,5.0062e-31
1.3083e-07,6.7916e-15,2.0641e-28,1.2827e-07,0.01925,1.303e-07,4.1357e-09,7.3718e-15,7.2263e-15,7.1801e-15,7.2151e-15,2.3387e-28,2.2667e-28,2.2542e-28,2.2561e-28
1.1143e-06,8.1217e-14,4.2131e-27,1.0886e-06,0.067115,1.1049e-06,3.9784e-08,8.7882e-14,8.6175e-14,8.5616e-14,8.6031e-14,4.7676e-27,4.6219e-27,4.5964e-27,4.6003e-27
1.047e-06,6.3714e-14,3.2695e-27,3.2976e-08,0.00050914,0.045063,8.222e-07,6.9022e-14,6.768e-14,6.7233e-14,6.7566e-14,3.6999e-27,3.5868e-27,3.567e-27,3.57e-27
1.7107e-07,7.727e-15,2.4366e-28,7.9118e-09,0.0015134,0.014966,1.3229e-07,8.3942e-15,8.2288e-15,8.175e-15,8.2158e-15,2.7606e-28,2.6757e-28,2.6608e-28,2.6632e-28
4.9097e-08,1.8786e-15,3.8051e-29,2.4996e-08,0.0062657,0.0041496,1.9864e-08,2.0444e-15,2.0036e-15,1.9908e-15,2.0006e-15,4.3155e-29,4.1821e-29,4.1588e-29,4.1625e-29
1.7513e-07,9.3913e-15,2.9814e-28,1.6822e-07,0.022619,0.0010032,8.073e-09,1.0191e-14,9.99e-15,9.926e-15,9.9744e-15,3.3778e-28,3.2739e-28,3.2557e-28,3.2586e-28
1.0709e-06,7.7711e-14,4.0067e-27,1.0436e-06,0.068175,0.00033836,3.8738e-08,8.4092e-14,8.2458e-14,8.1923e-14,8.232e-14,4.5341e-27,4.3955e-27,4.3712e-27,4.3749e-27
3.287e-08,2.1334e-15,9.6972e-29,3.2184e-08,0.0031224,3.2674e-08,1.121e-09,2.3106e-15,2.2655e-15,2.2508e-15,2.2618e-15,1.0976e-28,1.064e-28,1.0581e-28,1.0591e-28
4.2415e-06,4.1238e-13,3.3954e-26,4.1332e-06,0.13039,4.1914e-06,1.6688e-07,4.4496e-13,4.3643e-13,4.3357e-13,4.3566e-13,3.8378e-26,3.7211e-26,3.7007e-26,3.7037e-26
2.5132e-07,1.64e-14,7.5116e-28,2.4754e-07,0.017029,2.5173e-07,8.5869e-09,1.7762e-14,1.7415e-14,1.7303e-14,1.7387e-14,8.5023e-28,8.242e-28,8.1965e-28,8.2035e-28
2.1977e-10,5.9534e-18,7.6636e-32,5.0704e-12,1.7899e-10,4.4773e-05,1.7507e-10,6.4971e-18,6.3663e-18,6.3256e-18,6.3573e-18,8.7001e-32,8.4299e-32,8.3828e-32,8.3905e-32
9.8547e-10,3.2181e-17,5.936e-31,2.4335e-11,8.0159e-10,0.00013572,7.8401e-10,3.5061e-17,3.436e-17,3.4139e-17,3.431e-17,6.7333e-31,6.525e-31,6.4886e-31,6.4945e-31
1.9816e-07,8.7619e-15,2.6766e-28,5.4721e-09,1.6081e-07,0.012607,1.5728e-07,9.5205e-15,9.3327e-15,9.2717e-15,9.318e-15,3.0327e-28,2.9394e-28,2.9231e-28,2.9256e-28
1.6815e-06,1.0465e-13,5.4609e-27,5.2532e-08,1.3605e-06,0.044148,1.3307e-06,1.1336e-13,1.1115e-13,1.1042e-13,1.1097e-13,6.1796e-27,5.9906e-27,5.9576e-27,5.9626e-27
1.0922e-06,7.7696e-14,4.0063e-27,1.0554e-06,3.897e-08,0.00034194,0.066569,8.4074e-14,8.244e-14,8.1905e-14,8.2302e-14,4.5337e-27,4.3951e-27,4.3708e-27,4.3745e-27
1.7861e-07,9.3898e-15,2.9812e-28,1.7018e-07,8.1615e-09,0.0010132,0.022093,1.0189e-14,9.9881e-15,9.924e-15,9.9725e-15,3.3775e-28,3.2736e-28,3.2555e-28,3.2583e-28
4.9619e-08,1.8786e-15,3.8051e-29,2.5285e-08,2.0299e-08,0.0041898,0.0061214,2.0443e-15,2.0035e-15,1.9907e-15,2.0006e-15,4.3154e-29,4.182e-29,4.1588e-29,4.1625e-29
1.7121e-07,7.7281e-15,2.4369e-28,7.9518e-09,1.3527e-07,0.015108,0.0014788,8.3954e-15,8.23e-15,8.1762e-15,8.217e-15,2.7608e-28,2.6759e-28,2.6611e-28,2.6634e-28
1.0475e-06,6.3725e-14,3.2698e-27,3.2991e-08,8.4075e-07,0.045478,0.0004974,6.9033e-14,6.7691e-14,6.7244e-14,6.7577e-14,3.7002e-27,3.5871e-27,3.5673e-27,3.5703e-27
3.1893e-08,1.7406e-15,7.8815e-29,9.424e-10,2.5742e-08,0.0019694,2.5183e-08,1.8873e-15,1.8504e-15,1.8382e-15,1.8473e-15,8.9211e-29,8.648e-29,8.6002e-29,8.6075e-29
4.1242e-06,3.3686e-13,2.7608e-26,1.4056e-07,3.3148e-06,0.082262,3.2429e-06,3.6386e-13,3.5688e-13,3.545e-13,3.5624e-13,3.1205e-26,3.0256e-26,3.009e-26,3.0115e-26
3.1719e-07,1.7536e-14,8.054e-28,9.4271e-09,2.5922e-07,0.010808,2.5351e-07,1.9012e-14,1.8641e-14,1.8518e-14,1.861e-14,9.1162e-28,8.8371e-28,8.7883e-28,8.7958e-28
1.4738e-10,4.6002e-18,5.8993e-32,1.4383e-10,3.8371e-12,1.4584e-10,7.0905e-05,5.0146e-18,4.9134e-18,4.8826e-18,4.9066e-18,6.6973e-32,6.4892e-32,6.453e-32,6.4589e-32
6.6323e-10,2.4926e-17,4.5765e-31,6.4628e-10,1.8471e-11,6.5505e-10,0.00021514,2.7126e-17,2.6583e-17,2.6415e-17,2.6545e-17,5.1912e-31,5.0306e-31,5.0026e-31,5.0071e-31
1.3374e-07,6.7938e-15,2.0645e-28,1.2996e-07,4.1615e-09,1.3163e-07,0.019885,7.374e-15,7.2284e-15,7.1821e-15,7.2172e-15,2.3391e-28,2.2671e-28,2.2546e-28,2.2565e-28
1.139e-06,8.1246e-14,4.2139e-27,1.1029e-06,4.0041e-08,1.116e-06,0.069142,8.7912e-14,8.6203e-14,8.5644e-14,8.6059e-14,4.7686e-27,4.6228e-27,4.5973e-27,4.6011e-27
3.3554e-08,2.1334e-15,9.6972e-29,3.2571e-08,1.1277e-09,3.2975e-08,0.0031089,2.3105e-15,2.2654e-15,2.2508e-15,2.2617e-15,1.0976e-28,1.064e-28,1.0582e-28,1.0591e-28
4.3279e-06,4.1238e-13,3.3954e-26,4.1818e-06,1.6791e-07,4.2287e-06,0.12959,4.4495e-13,4.3642e-13,4.3356e-13,4.3564e-13,3.8378e-26,3.7212e-26,3.7007e-26,3.7037e-26
2.5678e-07,1.6408e-14,7.5138e-28,2.5078e-07,8.643e-09,2.5432e-07,0.017347,1.777e-14,1.7423e-14,1.731e-14,1.7394e-14,8.5048e-28,8.2445e-28,8.1989e-28,8.2059e-28
1.0452e-13,1.0355e-06,8.5353e-14,6.2551e-14,6.1236e-14,5.9926e-14,6.0885e-14,0.00034148,0.077314,1.102e-06,4.0368e-08,9.419e-14,9.0687e-14,9.0323e-14,9.0252e-14
1.2689e-14,1.6998e-07,1.0321e-14,7.5628e-15,7.4027e-15,7.2439e-15,7.361e-15,0.0010162,0.025799,1.7779e-07,8.8077e-09,1.1422e-14,1.0992e-14,1.0947e-14,1.0939e-14
2.5846e-15,5.5893e-08,2.083e-15,1.5359e-15,1.5033e-15,1.471e-15,1.495e-15,0.0041996,0.0071771,2.64e-08,2.3719e-08,2.3121e-15,2.2254e-15,2.2162e-15,2.2149e-15
1.0775e-14,2.2369e-07,8.6526e-15,6.4296e-15,6.2951e-15,6.1601e-15,6.2598e-15,0.015124,0.0017393,8.088e-09,1.5847e-07,9.5878e-15,9.2393e-15,9.2022e-15,9.1963e-15
8.8484e-14,1.3693e-06,7.1328e-14,5.302e-14,5.1919e-14,5.0809e-14,5.1623e-14,0.045444,0.00058584,3.2927e-08,9.8315e-07,7.8813e-14,7.599e-14,7.5693e-14,7.5636e-14
5.1192e-18,1.7887e-10,4.0863e-18,3.0338e-18,2.9694e-18,2.9054e-18,2.9532e-18,4.1437e-05,1.2895e-10,3.0953e-12,1.2882e-10,4.549e-18,4.38e-18,4.3617e-18,4.3596e-18
2.8363e-17,8.2759e-10,2.2696e-17,1.6851e-17,1.6495e-17,1.614e-17,1.6405e-17,0.00013123,5.9673e-10,1.5322e-11,5.9602e-10,2.5224e-17,2.4294e-17,2.4194e-17,2.4182e-17
7.7048e-15,1.6651e-07,6.1899e-15,4.5961e-15,4.4999e-15,4.4034e-15,4.4747e-15,0.012158,1.2009e-07,3.4569e-09,1.1992e-07,6.8608e-15,6.6112e-15,6.5846e-15,6.5805e-15
9.1765e-14,1.4132e-06,7.4055e-14,5.4991e-14,5.385e-14,5.2698e-14,5.3542e-14,0.042321,1.0196e-06,3.3306e-08,1.0177e-06,8.1821e-14,7.8892e-14,7.8584e-14,7.8525e-14
1.0453e-13,1.0649e-06,8.5354e-14,6.2562e-14,6.1246e-14,5.9935e-14,6.0895e-14,0.00034098,4.1296e-08,1.0967e-06,0.077033,9.4182e-14,9.0674e-14,9.0307e-14,9.0237e-14
1.269e-14,1.7475e-07,1.0321e-14,7.5641e-15,7.4037e-15,7.2448e-15,7.3621e-15,0.0010148,8.9455e-09,1.7694e-07,0.025727,1.1421e-14,1.0991e-14,1.0945e-14,1.0938e-14
2.5847e-15,5.6589e-08,2.083e-15,1.536e-15,1.5034e-15,1.4711e-15,1.4951e-15,0.0041938,2.3765e-08,2.6278e-08,0.0071618,2.312e-15,2.2253e-15,2.216e-15,2.2148e-15
1.0774e-14,2.2377e-07,8.6524e-15,6.4294e-15,6.2949e-15,6.1599e-15,6.2596e-15,0.015104,1.587e-07,8.0716e-09,0.0017364,9.5875e-15,9.2391e-15,9.202e-15,9.1961e-15
8.848e-14,1.3693e-06,7.1326e-14,5.3017e-14,5.1917e-14,5.0807e-14,5.1621e-14,0.045385,9.8491e-07,3.2923e-08,0.00058509,7.8811e-14,7.5988e-14,7.5691e-14,7.5634e-14
2.3512e-14,2.1548e-07,1.9034e-14,1.4073e-14,1.378e-14,1.3485e-14,1.3702e-14,0.011041,2.9473e-07,9.1087e-09,2.9423e-07,2.1048e-14,2.0291e-14,2.0211e-14,2.0197e-14
6.1011e-18,1.3408e-10,4.9379e-18,3.611e-18,3.5335e-18,3.4574e-18,3.5142e-18,1.4318e-10,6.4419e-05,1.4579e-10,3.8661e-12,5.4908e-18,5.2792e-18,5.2568e-18,5.2541e-18
3.3711e-17,6.2038e-10,2.7351e-17,2.0003e-17,1.9576e-17,1.9155e-17,1.9468e-17,6.6054e-10,0.0002033,6.7236e-10,1.9072e-11,3.0362e-17,2.9201e-17,2.9079e-17,2.9062e-17
9.1489e-15,1.2542e-07,7.4524e-15,5.4508e-15,5.3353e-15,5.2208e-15,5.3053e-15,1.3281e-07,0.018845,1.3509e-07,4.2946e-09,8.25e-15,7.9386e-15,7.9059e-15,7.9006e-15
1.0885e-13,1.0708e-06,8.9061e-14,6.5148e-14,6.3779e-14,6.2415e-14,6.3413e-14,1.1263e-06,0.065639,1.1446e-06,4.1278e-08,9.8276e-14,9.4621e-14,9.4242e-14,9.4168e-14
8.7219e-14,1.0121e-06,6.9976e-14,5.2268e-14,5.1176e-14,5.0076e-14,5.0884e-14,3.412e-08,0.000524,0.046405,8.5252e-07,7.7192e-14,7.4368e-14,7.4023e-14,7.3989e-14
1.0623e-14,1.6497e-07,8.4897e-15,6.3401e-15,6.2067e-15,6.0729e-15,6.1718e-15,8.1976e-09,0.001558,0.015447,1.3721e-07,9.3932e-15,9.0452e-15,9.0028e-15,8.9995e-15
2.5649e-15,4.7153e-08,2.0635e-15,1.5243e-15,1.4919e-15,1.4597e-15,1.4836e-15,2.5918e-08,0.006442,0.0042902,2.061e-08,2.289e-15,2.2025e-15,2.1927e-15,2.1917e-15
1.2658e-14,1.6814e-07,1.0305e-14,7.5445e-15,7.3847e-15,7.2264e-15,7.3432e-15,1.7437e-07,0.023215,0.0010385,8.3822e-09,1.1405e-14,1.0975e-14,1.093e-14,1.0923e-14
1.0425e-13,1.0305e-06,8.523e-14,6.2394e-14,6.1082e-14,5.9776e-14,6.0732e-14,1.0812e-06,0.069806,0.00035026,4.0207e-08,9.4053e-14,9.0555e-14,9.0192e-14,9.0121e-14
2.1947e-14,2.4137e-07,1.7973e-14,1.3119e-14,1.2843e-14,1.2568e-14,1.277e-14,2.5609e-07,0.017097,2.6076e-07,8.9048e-09,1.9851e-14,1.911e-14,1.9033e-14,1.9018e-14
8.0305e-18,2.0539e-10,6.3986e-18,4.7598e-18,4.6583e-18,4.5575e-18,4.6329e-18,5.1223e-12,1.7995e-10,4.2895e-05,1.7661e-10,7.1136e-18,6.8448e-18,6.8122e-18,6.8106e-18
4.4275e-17,9.4746e-10,3.5378e-17,2.631e-17,2.5751e-17,2.5195e-17,2.5609e-17,2.5209e-11,8.2796e-10,0.00013524,8.1257e-10,3.9262e-17,3.7789e-17,3.761e-17,3.76e-17
1.1998e-14,1.9099e-07,9.63e-15,7.1585e-15,7.0078e-15,6.8567e-15,6.9685e-15,5.6665e-09,1.661e-07,0.012572,1.63e-07,1.0657e-14,1.0262e-14,1.0214e-14,1.021e-14
1.4249e-13,1.6247e-06,1.1496e-13,8.541e-14,8.3627e-14,8.1828e-14,8.3148e-14,5.4348e-08,1.4045e-06,0.043962,1.3781e-06,1.268e-13,1.2216e-13,1.2159e-13,1.2154e-13
1.0423e-13,1.059e-06,8.5221e-14,6.2382e-14,6.1069e-14,5.9762e-14,6.072e-14,1.079e-06,4.1138e-08,0.00034895,0.068449,9.4035e-14,9.0533e-14,9.0166e-14,9.0096e-14
1.2655e-14,1.7278e-07,1.0305e-14,7.5433e-15,7.3834e-15,7.2249e-15,7.3418e-15,1.7402e-07,8.5657e-09,0.0010342,0.02277,1.1403e-14,1.0973e-14,1.0927e-14,1.092e-14
2.5645e-15,4.7829e-08,2.0633e-15,1.5241e-15,1.4917e-15,1.4595e-15,1.4834e-15,2.5869e-08,2.1004e-08,0.0042725,0.0063201,2.2887e-15,2.2022e-15,2.1924e-15,2.1914e-15
1.0622e-14,1.6503e-07,8.4891e-15,6.3394e-15,6.2059e-15,6.0721e-15,6.1711e-15,8.1909e-09,1.3982e-07,0.015384,0.0015288,9.3925e-15,9.0445e-15,9.0022e-15,8.9988e-15
8.7208e-14,1.0119e-06,6.997e-14,5.2261e-14,5.117e-14,5.0069e-14,5.0877e-14,3.4116e-08,8.688e-07,0.046223,0.0005143,7.7186e-14,7.4362e-14,7.4017e-14,7.3983e-14
2.3879e-14,3.0613e-07,1.9257e-14,1.4294e-14,1.3995e-14,1.3693e-14,1.3915e-14,9.7517e-09,2.6752e-07,0.010881,2.6251e-07,2.1261e-14,2.048e-14,2.0385e-14,2.0376e-14
6.095e-18,1.3789e-10,4.9312e-18,3.6075e-18,3.53e-18,3.4539e-18,3.5107e-18,1.4281e-10,3.9511e-12,1.4492e-10,6.7422e-05,5.4829e-18,5.2714e-18,5.2489e-18,5.2462e-18
3.3744e-17,6.3941e-10,2.7367e-17,2.0023e-17,1.9595e-17,1.9173e-17,1.9487e-17,6.6041e-10,1.9533e-11,6.6991e-10,0.00021331,3.0378e-17,2.9215e-17,2.9092e-17,2.9075e-17
9.1589e-15,1.2925e-07,7.4572e-15,5.4569e-15,5.3411e-15,5.2264e-15,5.3111e-15,1.3282e-07,4.3986e-09,1.3463e-07,0.019733,8.2547e-15,7.9427e-15,7.9098e-15,7.9046e-15
1.0898e-13,1.1033e-06,8.9124e-14,6.5227e-14,6.3855e-14,6.2488e-14,6.3489e-14,1.1265e-06,4.228e-08,1.1408e-06,0.068522,9.8337e-14,9.4675e-14,9.4292e-14,9.4219e-14
2.1962e-14,2.484e-07,1.7986e-14,1.3128e-14,1.2851e-14,1.2576e-14,1.2778e-14,2.559e-07,9.1205e-09,2.5978e-07,0.017346,1.9863e-14,1.9121e-14,1.9043e-14,1.9029e-14
4.954e-27,1.1873e-13,9.5794e-07,2.9468e-27,2.8863e-27,2.8209e-27,2.8713e-27,6.4374e-14,6.4368e-14,6.0637e-14,6.2883e-14,0.00033341,0.075473,1.057e-06,2.5227e-08
3.6924e-28,1.4415e-14,1.5772e-07,2.1924e-28,2.1472e-28,2.0985e-28,2.1362e-28,7.7843e-15,7.7832e-15,7.3296e-15,7.6034e-15,0.000991,0.025199,1.7074e-07,6.4641e-09
4.7945e-29,2.9337e-15,5.2139e-08,2.842e-29,2.7832e-29,2.72e-29,2.7689e-29,1.5873e-15,1.588e-15,1.4946e-15,1.5513e-15,0.004093,0.0070131,2.5174e-08,2.2541e-08
3.1248e-28,1.2217e-14,2.0883e-07,1.8552e-28,1.8169e-28,1.7757e-28,1.8076e-28,6.6754e-15,6.6839e-15,6.2901e-15,6.5298e-15,0.014729,0.0017,6.1892e-09,1.5219e-07
4.187e-27,1.0033e-13,1.2762e-06,2.4903e-27,2.4392e-27,2.384e-27,2.4266e-27,5.5046e-14,5.5121e-14,5.1892e-14,5.3852e-14,0.044205,0.00057315,2.0878e-08,9.4316e-07
5.9836e-32,5.7314e-18,1.6504e-10,3.5411e-32,3.4674e-32,3.3887e-32,3.4498e-32,3.1111e-18,3.1147e-18,2.9293e-18,3.0427e-18,3.9894e-05,1.2271e-10,1.8591e-12,1.2222e-10
4.761e-31,3.2154e-17,7.7431e-10,2.8212e-31,2.7627e-31,2.7001e-31,2.7486e-31,1.7496e-17,1.7517e-17,1.6479e-17,1.7113e-17,0.00012903,5.7596e-10,9.3829e-12,5.7357e-10
2.1452e-28,8.7354e-15,1.5556e-07,1.2735e-28,1.2472e-28,1.2189e-28,1.2408e-28,4.7721e-15,4.7783e-15,4.4965e-15,4.6681e-15,0.011954,1.1579e-07,2.1384e-09,1.1529e-07
4.3726e-27,1.0404e-13,1.3176e-06,2.6008e-27,2.5474e-27,2.4897e-27,2.5342e-27,5.7088e-14,5.7166e-14,5.3817e-14,5.585e-14,0.04154,9.8152e-07,2.0864e-08,9.7695e-07
4.96e-27,1.1894e-13,9.7185e-07,2.9504e-27,2.8898e-27,2.8244e-27,2.8748e-27,6.4484e-14,6.447e-14,6.0714e-14,6.2981e-14,0.00033305,2.5212e-08,1.051e-06,0.074902
3.6968e-28,1.4438e-14,1.5998e-07,2.195e-28,2.1497e-28,2.101e-28,2.1387e-28,7.7968e-15,7.7948e-15,7.3385e-15,7.6146e-15,0.00098988,6.4725e-09,1.6978e-07,0.025033
4.7975e-29,2.9361e-15,5.2469e-08,2.8438e-29,2.7849e-29,2.7217e-29,2.7706e-29,1.5886e-15,1.5892e-15,1.4955e-15,1.5525e-15,0.0040885,2.2633e-08,2.5037e-08,0.0069717
3.1247e-28,1.2217e-14,2.0887e-07,1.8552e-28,1.8169e-28,1.7757e-28,1.8075e-28,6.6753e-15,6.6838e-15,6.2899e-15,6.5297e-15,0.014713,1.5286e-07,6.171e-09,0.0016909
4.1868e-27,1.0032e-13,1.2762e-06,2.4903e-27,2.4391e-27,2.3839e-27,2.4265e-27,5.5044e-14,5.5119e-14,5.189e-14,5.385e-14,0.044159,9.4752e-07,2.0873e-08,0.00057029
2.9973e-29,1.8187e-15,7.0031e-05,1.7766e-29,1.7398e-29,1.7004e-29,1.7309e-29,9.908e-16,9.9203e-16,9.3329e-16,9.6914e-16,0.0046493,4.5357e-05,4.4421e-05,4.5323e-05
3.7126e-28,1.4719e-14,9.9855e-06,2.2041e-28,2.1586e-28,2.1097e-28,2.1475e-28,8.0429e-15,8.0533e-15,7.5786e-15,7.8676e-15,0.01818,6.482e-06,6.1719e-06,6.4797e-06
7.8515e-27,1.8586e-13,4.0614e-06,4.6701e-27,4.5742e-27,4.4706e-27,4.5505e-27,1.0199e-13,1.0213e-13,9.6149e-14,9.9779e-14,0.071614,2.8623e-06,1.1313e-06,2.8542e-06
9.9609e-28,2.6596e-14,1.9711e-07,5.9227e-28,5.801e-28,5.6696e-28,5.771e-28,1.4577e-14,1.4596e-14,1.374e-14,1.426e-14,0.011011,2.8413e-07,5.6639e-09,2.8283e-07
7.1383e-32,6.8505e-18,1.2337e-10,4.2247e-32,4.1369e-32,4.043e-32,4.1159e-32,3.6733e-18,3.6723e-18,3.4565e-18,3.5873e-18,1.3625e-10,6.2969e-05,1.3851e-10,2.2969e-12
5.6653e-31,3.8287e-17,5.778e-10,3.3573e-31,3.2878e-31,3.2132e-31,3.271e-31,2.0581e-17,2.0577e-17,1.9371e-17,2.0101e-17,6.3672e-10,0.00020262,6.4711e-10,1.154e-11
2.5517e-28,1.0391e-14,1.1653e-07,1.5149e-28,1.4836e-28,1.45e-28,1.476e-28,5.6086e-15,5.6077e-15,5.2808e-15,5.4782e-15,1.2788e-07,0.018783,1.2989e-07,2.6252e-09
5.1989e-27,1.2362e-13,9.9186e-07,3.0926e-27,3.0291e-27,2.9605e-27,3.0134e-27,6.7029e-14,6.7023e-14,6.3138e-14,6.5476e-14,1.0826e-06,0.06534,1.0989e-06,2.5556e-08
4.1297e-27,9.9401e-14,9.454e-07,2.4565e-27,2.406e-27,2.3515e-27,2.3936e-27,5.3969e-14,5.3959e-14,5.0799e-14,5.2711e-14,2.1217e-08,0.00051623,0.04503,8.1193e-07
3.0822e-28,1.2104e-14,1.5443e-07,1.83e-28,1.7923e-28,1.7517e-28,1.7831e-28,6.545e-15,6.5434e-15,6.1585e-15,6.392e-15,6.1811e-09,0.0015333,0.015005,1.3083e-07
4.7605e-29,2.9172e-15,4.4046e-08,2.8219e-29,2.7635e-29,2.7008e-29,2.7494e-29,1.5707e-15,1.5703e-15,1.478e-15,1.5339e-15,2.4735e-08,0.006338,0.0041706,1.9416e-08
3.6863e-28,1.4376e-14,1.5607e-07,2.1888e-28,2.1437e-28,2.0951e-28,2.1326e-28,7.7625e-15,7.7614e-15,7.3091e-15,7.5821e-15,1.6771e-07,0.02283,0.0010101,6.0382e-09
4.9456e-27,1.1839e-13,9.538e-07,2.9418e-27,2.8814e-27,2.8162e-27,2.8665e-27,6.419e-14,6.4184e-14,6.0464e-14,6.2703e-14,1.0386e-06,0.068602,0.00034097,2.5081e-08
3.588e-29,2.1725e-15,6.9524e-05,2.127e-29,2.0829e-29,2.0357e-29,2.0723e-29,1.1696e-15,1.1694e-15,1.101e-15,1.1424e-15,4.6329e-05,0.0071949,4.411e-05,4.4933e-05
4.4533e-28,1.7633e-14,9.8542e-06,2.6441e-28,2.5895e-28,2.5308e-28,2.5762e-28,9.52e-15,9.5186e-15,8.9639e-15,9.2987e-15,6.6393e-06,0.028139,6.3359e-06,6.2433e-06
9.413e-27,2.2236e-13,3.4813e-06,5.5994e-27,5.4844e-27,5.3602e-27,5.456e-27,1.2058e-13,1.2057e-13,1.1358e-13,1.1779e-13,3.0725e-06,0.1109,3.0476e-06,1.1477e-06
9.244e-28,2.4889e-14,2.2384e-07,5.4968e-28,5.3838e-28,5.2619e-28,5.356e-28,1.3478e-14,1.3476e-14,1.2694e-14,1.3165e-14,2.4632e-07,0.017002,2.5046e-07,5.4803e-09
9.4571e-32,9.0276e-18,1.9063e-10,5.5972e-32,5.4808e-32,5.3564e-32,5.453e-32,4.8482e-18,4.8466e-18,4.5594e-18,4.7343e-18,3.0115e-12,1.7241e-10,4.2713e-05,1.6666e-10
7.5e-31,5.0388e-17,8.912e-10,4.4446e-31,4.3526e-31,4.2538e-31,4.3303e-31,2.7129e-17,2.7121e-17,2.5518e-17,2.6493e-17,1.5105e-11,8.0429e-10,0.00013745,7.7752e-10
3.3762e-28,1.3658e-14,1.7932e-07,2.0044e-28,1.963e-28,1.9185e-28,1.953e-28,7.3831e-15,7.3814e-15,6.947e-15,7.2106e-15,3.4296e-09,1.6117e-07,0.012772,1.5582e-07
6.8747e-27,1.6223e-13,1.5218e-06,4.0894e-27,4.0055e-27,3.9148e-27,3.9847e-27,8.81e-14,8.8084e-14,8.2926e-14,8.6047e-14,3.3311e-08,1.3606e-06,0.044567,1.3157e-06
4.9496e-27,1.1851e-13,9.6657e-07,2.9442e-27,2.8837e-27,2.8184e-27,2.8688e-27,6.4255e-14,6.4241e-14,6.0498e-14,6.2757e-14,1.0361e-06,2.5067e-08,0.00033975,0.066299
3.6892e-28,1.439e-14,1.5817e-07,2.1905e-28,2.1453e-28,2.0967e-28,2.1343e-28,7.7701e-15,7.7679e-15,7.3132e-15,7.5883e-15,1.6733e-07,6.1199e-09,0.0010057,0.022063
4.7623e-29,2.9185e-15,4.4352e-08,2.823e-29,2.7645e-29,2.7018e-29,2.7504e-29,1.5714e-15,1.5709e-15,1.4784e-15,1.5345e-15,2.4682e-08,2.0067e-08,0.0041523,0.0061248
3.0819e-28,1.2102e-14,1.5444e-07,1.8299e-28,1.7921e-28,1.7515e-28,1.7829e-28,6.5441e-15,6.5425e-15,6.1577e-15,6.3912e-15,6.174e-09,1.3531e-07,0.014941,0.0014817
4.1293e-27,9.9385e-14,9.452e-07,2.4562e-27,2.4058e-27,2.3513e-27,2.3933e-27,5.396e-14,5.395e-14,5.079e-14,5.2703e-14,2.1212e-08,8.3962e-07,0.044843,0.0004989
2.9473e-29,1.7984e-15,6.9271e-05,1.7471e-29,1.7109e-29,1.6721e-29,1.7022e-29,9.6968e-16,9.6946e-16,9.1221e-16,9.4702e-16,4.615e-05,4.486e-05,0.004516,4.4827e-05
3.6407e-28,1.4498e-14,9.8254e-06,2.1615e-28,2.1169e-28,2.069e-28,2.1061e-28,7.839e-15,7.8371e-15,7.376e-15,7.6558e-15,6.4187e-06,6.3984e-06,0.017552,6.3915e-06
7.6995e-27,1.831e-13,3.4442e-06,4.58e-27,4.486e-27,4.3844e-27,4.4627e-27,9.9425e-14,9.9406e-14,9.3585e-14,9.7108e-14,1.1808e-06,2.6487e-06,0.069295,2.5978e-06
1.0124e-27,2.7154e-14,2.8689e-07,6.0198e-28,5.8961e-28,5.7626e-28,5.8656e-28,1.4727e-14,1.4724e-14,1.386e-14,1.4383e-14,5.9429e-09,2.5923e-07,0.010839,2.5065e-07
7.133e-32,6.8433e-18,1.2486e-10,4.2217e-32,4.1339e-32,4.04e-32,4.1129e-32,3.6694e-18,3.668e-18,3.4516e-18,3.5831e-18,1.3564e-10,2.2865e-12,1.3732e-10,6.5981e-05
5.6764e-31,3.8393e-17,5.8734e-10,3.3639e-31,3.2942e-31,3.2194e-31,3.2774e-31,2.0638e-17,2.0631e-17,1.9417e-17,2.0154e-17,6.3675e-10,1.1537e-11,6.4439e-10,0.00021347
2.5569e-28,1.0423e-14,1.1846e-07,1.518e-28,1.4867e-28,1.453e-28,1.479e-28,5.6255e-15,5.6239e-15,5.2946e-15,5.4939e-15,1.2792e-07,2.6254e-09,1.2937e-07,0.019745
5.21e-27,1.2402e-13,1.0084e-06,3.0992e-27,3.0355e-27,2.9668e-27,3.0198e-27,6.7246e-14,6.7231e-14,6.3315e-14,6.5678e-14,1.0832e-06,2.5569e-08,1.0946e-06,0.068441
3.5925e-29,2.1761e-15,6.951e-05,2.1296e-29,2.0855e-29,2.0382e-29,2.0748e-29,1.1716e-15,1.1713e-15,1.1024e-15,1.1442e-15,4.6319e-05,4.4957e-05,4.4102e-05,0.0071871
4.4588e-28,1.7663e-14,9.8553e-06,2.6473e-28,2.5927e-28,2.534e-28,2.5794e-28,9.5366e-15,9.5339e-15,8.9758e-15,9.3135e-15,6.6378e-06,6.2435e-06,6.3337e-06,0.028087
9.4251e-27,2.2277e-13,3.5066e-06,5.6065e-27,5.4915e-27,5.3671e-27,5.463e-27,1.208e-13,1.2077e-13,1.1374e-13,1.1798e-13,3.0695e-06,1.1472e-06,3.0367e-06,0.11055
9.2599e-28,2.4952e-14,2.2728e-07,5.5062e-28,5.3931e-28,5.2709e-28,5.3652e-28,1.3512e-14,1.3509e-14,1.272e-14,1.3196e-14,2.462e-07,5.4795e-09,2.4941e-07,0.017295
3.2993e-36,1.0157e-21,9.1677e-09,1.9447e-36,1.9038e-36,1.8605e-36,1.8943e-36,5.502e-22,5.5093e-22,5.1786e-22,5.3818e-22,6.0671e-09,5.8934e-09,5.8026e-09,5.8963e-09
2.9392e-35,6.6451e-21,3.7896e-08,1.7343e-35,1.6979e-35,1.6594e-35,1.6894e-35,3.6065e-21,3.6115e-21,3.3953e-21,3.5279e-21,2.5099e-08,2.4385e-08,2.4007e-08,2.4393e-08
1.5363e-32,2.2717e-18,6.0177e-06,9.0779e-33,8.8884e-33,8.6865e-33,8.8435e-33,1.2364e-18,1.2382e-18,1.1644e-18,1.2096e-18,3.9915e-06,3.8794e-06,3.8184e-06,3.879e-06
3.6557e-31,3.4558e-17,3.9254e-05,2.1634e-31,2.1185e-31,2.0704e-31,2.1077e-31,1.8868e-17,1.8897e-17,1.7776e-17,1.8461e-17,2.6074e-05,2.5353e-05,2.4949e-05,2.5337e-05
3.3105e-36,1.0198e-21,9.2181e-09,1.9513e-36,1.9103e-36,1.8668e-36,1.9007e-36,5.5241e-22,5.5314e-22,5.1994e-22,5.4034e-22,6.1018e-09,5.9265e-09,5.8335e-09,5.9294e-09
2.949e-35,6.6712e-21,3.8103e-08,1.74e-35,1.7036e-35,1.6649e-35,1.695e-35,3.6206e-21,3.6257e-21,3.4086e-21,3.5418e-21,2.5242e-08,2.4521e-08,2.4134e-08,2.4529e-08
1.5415e-32,2.281e-18,6.0533e-06,9.1086e-33,8.9184e-33,8.7159e-33,8.8734e-33,1.2415e-18,1.2433e-18,1.1692e-18,1.2145e-18,4.0161e-06,3.9028e-06,3.8402e-06,3.9024e-06
3.6683e-31,3.4704e-17,3.9508e-05,2.1709e-31,2.1258e-31,2.0775e-31,2.115e-31,1.8948e-17,1.8977e-17,1.7851e-17,1.8539e-17,2.6249e-05,2.552e-05,2.5104e-05,2.5504e-05
3.3022e-36,1.0163e-21,9.169e-09,1.9464e-36,1.9055e-36,1.8622e-36,1.896e-36,5.5055e-22,5.5128e-22,5.1819e-22,5.3852e-22,6.0693e-09,5.895e-09,5.8025e-09,5.8979e-09
2.9489e-35,6.6709e-21,3.8097e-08,1.74e-35,1.7035e-35,1.6648e-35,1.695e-35,3.6205e-21,3.6255e-21,3.4084e-21,3.5416e-21,2.5238e-08,2.4517e-08,2.413e-08,2.4525e-08
1.5415e-32,2.2809e-18,6.0529e-06,9.1084e-33,8.9183e-33,8.7157e-33,8.8732e-33,1.2414e-18,1.2432e-18,1.1691e-18,1.2145e-18,4.0158e-06,3.9026e-06,3.84e-06,3.9022e-06
3.6683e-31,3.4703e-17,3.9505e-05,2.1709e-31,2.1257e-31,2.0775e-31,2.1149e-31,1.8947e-17,1.8976e-17,1.785e-17,1.8538e-17,2.6248e-05,2.5519e-05,2.5103e-05,2.5502e-05
3.2993e-36,1.0159e-21,9.1751e-09,1.9447e-36,1.9038e-36,1.8606e-36,1.8943e-36,5.503e-22,5.5104e-22,5.1796e-22,5.3828e-22,6.0738e-09,5.8989e-09,5.8048e-09,5.9018e-09
2.9479e-35,6.673e-21,3.8171e-08,1.7394e-35,1.703e-35,1.6643e-35,1.6944e-35,3.6216e-21,3.6266e-21,3.4095e-21,3.5427e-21,2.5289e-08,2.4565e-08,2.417e-08,2.4572e-08
1.5411e-32,2.282e-18,6.0678e-06,9.1061e-33,8.916e-33,8.7135e-33,8.871e-33,1.242e-18,1.2438e-18,1.1697e-18,1.2151e-18,4.0261e-06,3.9122e-06,3.8482e-06,3.9118e-06
3.6676e-31,3.4725e-17,3.9626e-05,2.1705e-31,2.1253e-31,2.0771e-31,2.1145e-31,1.8959e-17,1.8988e-17,1.7862e-17,1.855e-17,2.6331e-05,2.5597e-05,2.5171e-05,2.558e-05
2.4641e-35,5.4584e-21,2.8886e-08,1.454e-35,1.4236e-35,1.3912e-35,1.4164e-35,2.9624e-21,2.9664e-21,2.7889e-21,2.8978e-21,1.9644e-08,1.9161e-08,1.8927e-08,1.9168e-08
2.9927e-34,4.6503e-20,1.3994e-07,1.7681e-34,1.7312e-34,1.6919e-34,1.7225e-34,2.5296e-20,2.5332e-20,2.3821e-20,2.4747e-20,9.5174e-08,9.2865e-08,9.1762e-08,9.2878e-08
3.6817e-31,3.6508e-17,4.7057e-05,2.1785e-31,2.1332e-31,2.0848e-31,2.1224e-31,1.9922e-17,1.9952e-17,1.8768e-17,1.9491e-17,3.2003e-05,3.1245e-05,3.0893e-05,3.1234e-05
3.7219e-31,3.6749e-17,4.7163e-05,2.2023e-31,2.1565e-31,2.1076e-31,2.1456e-31,2.0054e-17,2.0084e-17,1.8892e-17,1.962e-17,3.2075e-05,3.1315e-05,3.0963e-05,3.1304e-05
